cat,min_r_ab,epsA0,epsAf,dEpsA,epsB0,epsBf,dEpsB,aA0,aAf,eA0,eAf,aB0,aBf,eB0,eBf,A_bef,A_aft,B_bef,B_aft,e_drift_scan,m_B,v_inf,b_impact,incoming_angle,A_phase,score
no_encounter,0.7661018373721331,-0.49963749999999996,-0.5427724623225403,-0.04313496232254033,0.1155274288993558,0.11607620695371985,0.0005487780543640547,1.0017262515323608,0.9221175257461384,0.026925824035672067,0.13466662758145354,-4.501095583569242,-4.479815576738535,1.0404561488780952,1.0438134980384208,True,True,False,False,4.151684354463366e-09,0.04,0.45,-0.9,0.0,0.0,-1.0
no_encounter,0.8982614900922612,-0.47277081507769936,-0.47210846788452915,0.0006623471931702096,0.11622526487136361,0.11506759275245508,-0.0011576721189085343,1.0586524887703639,1.0601377311504079,0.05543381032608623,0.08230297914109135,-4.474070251210253,-4.5190829803720325,1.0417719341122744,1.0448159591375636,True,True,False,False,3.3042958657328145e-09,0.04,0.45,-0.9,0.0,1.5,-1.0
no_encounter,0.47764009813624425,-0.49583655178101727,-0.38495569982939276,0.1108808519516245,0.1156261548271216,0.11223304131227167,-0.0033931135148499297,1.0094052126698443,1.300149602205695,0.028090658035131062,0.24835518429267678,-4.497252380116573,-4.633216688418678,1.0425642102741837,1.042356813698311,True,True,False,False,3.226322133956229e-09,0.04,0.45,-0.9,0.0,3.0,-1.0
perturbation,0.3751599286894179,-0.5259664480409116,-0.6369839576590095,-0.11101750961809786,0.11484356011907237,0.11794068697490846,0.003097126855836088,0.9515816110784868,0.785734073805243,0.05121282402091983,0.2072454932670159,-4.527898642822048,-4.4089958549302715,1.0413461977882212,1.038697580441668,True,True,False,False,4.256080308597776e-09,0.04,0.45,-0.9,0.0,4.5,0.8803344743076303
no_encounter,0.6747872914950843,-0.5189588803879908,-0.580453157734309,-0.06149427734631829,0.11502557486330406,0.11677377932308405,0.001748204459779995,0.9644309383930566,0.862257347265727,0.041523801455287834,0.13764429653732682,-4.52073376393003,-4.453054470056066,1.0405104343737739,1.0467121696083146,True,True,False,False,2.0250421627921787e-09,0.04,0.45,-0.9,0.8,0.0,-1.0
no_encounter,0.8622838619320113,-0.4822860407377203,-0.5113909332043646,-0.029104892466644272,0.11597811615292147,0.1159349590971538,-4.315705576767026e-05,1.037765885229477,0.9787033118946356,0.04161791442258848,0.1170737028070467,-4.483604469953285,-4.485273502052462,1.0409267557433475,1.0459451137800424,True,True,False,False,6.888334462883217e-10,0.04,0.45,-0.9,0.8,1.5,-1.0
no_encounter,0.8519837043488625,-0.47786133226587957,-0.4328154834513385,0.045045848814541045,0.11609304364569659,0.11399173163830348,-0.002101312007393108,1.0473749730424398,1.156381920556387,0.04780280080566422,0.11410046356594035,-4.4791658799728244,-4.56173436903269,1.042390395523194,1.0448969249866298,True,True,False,False,2.283921369056602e-09,0.04,0.45,-0.9,0.8,3.0,-1.0
perturbation,0.21815596357052436,-0.5139081889251633,-0.5616701216667094,-0.047761932741546054,0.11515676165454633,0.1166686023801865,0.0015118407256401734,0.9739093689999248,0.891092441440196,0.035381531762764214,0.10375839665026416,-4.515583735846315,-4.457068906212509,1.042168688157953,1.0476679528126966,True,True,False,False,1.0625859728515463e-09,0.04,0.45,-0.9,0.8,4.5,0.5763877979960983
no_encounter,0.9116249834534201,-0.49963749999999996,-0.5586476968563354,-0.05901019685633546,0.11507658971450072,0.11688213641966536,0.0018055467051646401,1.0017262515323608,0.8959134760895846,0.026925824035672067,0.14440663860951566,-4.518729667694307,-4.448926208303892,1.0178784143383874,1.0159005774114351,True,True,False,False,5.316153946475666e-09,0.04,0.45,-0.6,0.0,0.0,-1.0
no_encounter,1.0028319727992243,-0.47277081507769914,-0.4765379421729114,-0.0037671270952122637,0.11577442568650853,0.11518453198373274,-0.00058989370277579,1.0586524887703646,1.0502836305495984,0.05543381032609023,0.07384303694293595,-4.491492805224918,-4.514495054539428,1.0186879634719497,1.0220237194570991,True,True,False,False,5.156206660523455e-09,0.04,0.45,-0.6,0.0,1.5,-1.0
no_encounter,0.6773237974598058,-0.49583655178101727,-0.38229949795065477,0.1135370538303625,0.11517531564226652,0.1116787545565806,-0.003496561085685912,1.0094052126698443,1.3091829905165135,0.028090658035131062,0.2425767959121802,-4.514856304931825,-4.6562123840353955,1.019298248545549,1.0189293292446888,True,True,False,False,4.630772753608387e-09,0.04,0.45,-0.6,0.0,3.0,-1.0
no_encounter,0.48983822941785027,-0.5259664480409116,-0.6464936274565694,-0.12052717941565771,0.11439272093421729,0.11786705807908171,0.00347433714486442,0.9515816110784868,0.7741762312013244,0.05121282402091983,0.21622274757160237,-4.545743782937302,-4.41175005531326,1.0185601168378349,1.0229765906912902,True,True,False,False,7.516755185257516e-09,0.04,0.45,-0.6,0.0,4.5,-1.0
no_encounter,0.7755687850950485,-0.5189588803879908,-0.5994680541340585,-0.0805091737460677,0.11457473567844897,0.11671285054412582,0.002138114865676846,0.9644309383930566,0.8349068754347226,0.041523801455287834,0.1545682622429919,-4.538522362027232,-4.455379142705479,1.017972597033977,1.016144950303302,True,True,False,False,6.603110609946715e-09,0.04,0.45,-0.6,0.8,0.0,-1.0
no_encounter,0.9989689344503195,-0.4822860407377205,-0.5236266371433711,-0.041340596405650576,0.11552727696806639,0.11651029095994689,0.0009830139918804992,1.0377658852294767,0.9558337267379333,0.04161791442258848,0.11971198404911522,-4.501101503013323,-4.463125065740004,1.0181442947738348,1.016532225524697,True,True,False,False,2.648254343881329e-09,0.04,0.45,-0.6,0.8,1.5,-1.0
no_encounter,0.9924959643574205,-0.47786133226587957,-0.4263450060669162,0.05151632619896335,0.1156422044608415,0.11319333640877283,-0.0024488680520686756,1.0473749730424398,1.1739318928985998,0.04780280080566422,0.11656879106941026,-4.496628219985907,-4.5939099994555725,1.019124253271065,1.018775893429924,True,True,False,False,3.5888211431084225e-09,0.04,0.45,-0.6,0.8,3.0,-1.0
ejection,0.09445014366515146,-0.5139081889251633,2.2588212512889654,2.7727294402141287,0.11470592246969125,0.04236250745010545,-0.0723434150195858,0.9739093689999248,-0.22157574430220917,0.03538153176276108,4.260612150401045,-4.5333317478650645,-12.27500521805646,1.0190836930975105,1.0072955844231306,True,False,False,False,2.9951260854355578e-09,0.04,0.45,-0.6,0.8,4.5,10.322380165223686
no_encounter,0.8883689244305885,-0.49963749999999996,-0.5695048034039697,-0.06986730340396974,0.11507658971450072,0.11633147761318771,0.001254887898686996,1.0017262515323608,0.8788336762191938,0.026925824035672067,0.12931442371009894,-4.518729667694307,-4.469985344199317,1.0192814510941486,1.0171592201094897,True,True,False,False,4.717788923399115e-09,0.04,0.45,0.6,0.0,0.0,-1.0
no_encounter,1.014279843420663,-0.47277081507769914,-0.4160231325869853,0.056747682490713824,0.11577442568650853,0.11342775301200181,-0.0023466726745067223,1.0586524887703646,1.2030581013313042,0.05543381032609023,0.10999434744636509,-4.491492805224918,-4.5844159492869325,1.0187879390666092,1.0209853176715658,True,True,False,False,6.725278610067669e-09,0.04,0.45,0.6,0.0,1.5,-1.0
perturbation,0.22197974550745667,-0.49583655178101727,-0.5940097895985136,-0.09817323781749632,0.11517531564226652,0.11749343054991185,0.00231811490764533,1.0094052126698443,0.8425787062167508,0.028090658035131062,0.2555825895734101,-4.514856304931825,-4.425779361162675,1.0179078121478384,1.0146264579856337,True,True,False,False,5.879246581891753e-09,0.04,0.45,0.6,0.0,3.0,1.0009364421312215
perturbation,0.2497515119867036,-0.5259664480409116,-0.8060869171464116,-0.2801204691054999,0.11439272093421729,0.12182103440335787,0.0074283134691405794,0.9515816110784868,0.6209007854535032,0.05121282402091983,0.47127856902909265,-4.545743782937302,-4.26855676071707,1.0182664829331112,1.0204470821759342,True,True,False,False,7.772659484668138e-09,0.04,0.45,0.6,0.0,4.5,1.7659466830961732
no_encounter,0.8167058811158171,-0.5189588803879908,-0.6473650672787339,-0.12840618689074312,0.11457473567844897,0.11899512729680008,0.004420391618351102,0.9644309383930566,0.7731340866196311,0.041523801455287834,0.18597009139559453,-4.538522362027232,-4.369926834928336,1.0189449569108175,1.0209290001538893,True,True,False,False,3.178353661280341e-09,0.04,0.45,0.6,0.8,0.0,-1.0
no_encounter,0.9450441359087789,-0.4822860407377203,-0.5078350480133558,-0.02554900727563547,0.11552727696806639,0.11559522625189708,6.794928383069276e-05,1.037765885229477,0.9855562390936773,0.04161791442259381,0.07702031932618851,-4.501101503013323,-4.49845566171437,1.0192224817111653,1.015562018261773,True,True,False,False,4.1625871456248065e-09,0.04,0.45,0.6,0.8,1.5,-1.0
no_encounter,0.922060657464502,-0.47786133226587957,-0.3172006695208397,0.16066066274503987,0.1156422044608415,0.11111984759754584,-0.004522356863295662,1.0473749730424398,1.5778655220244349,0.04780280080566422,0.3067277143406702,-4.496628219985907,-4.679632048122829,1.0182936525094226,1.0152323599812714,True,True,False,False,3.557060347764153e-09,0.04,0.45,0.6,0.8,3.0,-1.0
no_encounter,0.6778020895459044,-0.5139081889251633,-0.5301385795304354,-0.016230390605272094,0.11470592246969125,0.11592972888702721,0.0012238064173359653,0.9739093689999248,0.9440927699382159,0.03538153176276108,0.007571159522169229,-4.5333317478650645,-4.48547585672987,1.0178984052094076,1.0181946733991205,True,True,False,False,3.0344677585272948e-09,0.04,0.45,0.6,0.8,4.5,-1.0
no_encounter,0.7863317421319576,-0.49963749999999996,-0.5244571626652035,-0.024819662665203523,0.1155274288993558,0.11598080653043272,0.00045337763107691775,1.0017262515323608,0.9543200772710259,0.026925824035672067,0.11474165566559817,-4.501095583569242,-4.48350046491145,1.0425224743578732,1.0471127267224964,True,True,False,False,2.9016736596185996e-09,0.04,0.45,0.9,0.0,0.0,-1.0
no_encounter,0.8564899430395864,-0.47277081507769914,-0.3646550011649772,0.10811581391272196,0.11622526487136361,0.11315091079314327,-0.0030743540782203482,1.0586524887703646,1.3725301953929978,0.05543381032609023,0.20949446048447515,-4.474070251210253,-4.595632473084,1.0419191424177388,1.0395451582887973,True,True,False,False,3.233638655744696e-09,0.04,0.45,0.9,0.0,1.5,-1.0
no_encounter,0.759670730346381,-0.49583655178101727,-0.44978451250018675,0.046052039280830515,0.1156261548271216,0.11373469619256633,-0.001891458634555268,1.0094052126698443,1.1127550773544967,0.028090658035131062,0.03726053293883812,-4.497252380116573,-4.572043689461115,1.0405165027749816,1.0406811123401853,True,True,False,False,3.2813770769207523e-09,0.04,0.45,0.9,0.0,3.0,-1.0
perturbation,0.1744233687070425,-0.5259664480409114,-0.8671917571506387,-0.34122530910972726,0.11484356011907237,0.12430992937880611,0.009466369259733737,0.9515816110784873,0.5771503198375751,0.05121282402092309,0.5879890483929169,-4.527898642822048,-4.183093036883794,1.0409136592107306,1.0388788516975087,True,True,False,False,7.948863564956924e-09,0.04,0.45,0.9,0.0,4.5,0.21250193751953922
no_encounter,0.6985027470596451,-0.5189588803879908,-0.6083411487796159,-0.08938226839162511,0.11502557486330406,0.11783136911207714,0.002805794248773086,0.9644309383930566,0.8227291561717394,0.041523801455287834,0.16096820436560694,-4.52073376393003,-4.413086293730441,1.0419426949997113,1.0376482509011995,True,True,False,False,1.531411056589932e-09,0.04,0.45,0.9,0.8,0.0,-1.0
no_encounter,0.8483922995195068,-0.4822860407377203,-0.4618466055261115,0.020439435211608792,0.11597811615292147,0.11440502861377855,-0.0015730875391429255,1.037765885229477,1.0836931440252906,0.04161791442259381,0.0958657616879506,-4.483604469953285,-4.545254752354242,1.0425144424562711,1.0414560977618508,True,True,False,False,1.1309814289783607e-09,0.04,0.45,0.9,0.8,1.5,-1.0
perturbation,0.3136754514098927,-0.47786133226587957,-0.17205690663206774,0.3058044256338118,0.11609304364569659,0.10792354547273153,-0.008169498172965056,1.0473749730424398,2.908921297011842,0.04780280080566422,0.6327960625864099,-4.4791658799728244,-4.8182256959987075,1.0411673348556267,1.0357267176396645,True,True,False,False,1.0109765889421237e-09,0.04,0.45,0.9,0.8,3.0,2.872590815229591
no_encounter,0.782316716391937,-0.5139081889251633,-0.5678072212387175,-0.053899032313554196,0.11515676165454633,0.11714028767433043,0.0019835260197841043,0.9739093689999248,0.8814611390607513,0.03538153176276108,0.045959388445318015,-4.515583735846315,-4.439121760104319,1.040422858695754,1.046836589506327,True,True,False,False,1.3799708670540183e-09,0.04,0.45,0.9,0.8,4.5,-1.0
perturbation,0.2268824548262896,-0.4994615,-0.6349025504100703,-0.13544105041007026,0.23450342889935588,0.2372047075187545,0.002701278619398617,1.0020792393407698,0.7883099535145,0.0328176781628438,0.29595482669770096,-2.2174515845701066,-2.19219932622495,1.1181154165977845,1.1191860010073498,True,True,False,False,1.6523138346956609e-09,0.04,0.65,-0.9,0.0,0.0,1.1477645572982935
no_encounter,0.5826792441208926,-0.46670851134685043,-0.5331880827641493,-0.06647957141729888,0.23535415587735975,0.2356334717093069,0.00027931583194715226,1.0724038405805636,0.938693148213876,0.06755259509189836,0.13281918261370176,-2.2094362347736314,-2.206817207368173,1.1209943525363613,1.1116054506404505,True,True,False,False,1.361860575712357e-09,0.04,0.65,-0.9,0.0,1.5,-1.0
no_encounter,0.7439091719247676,-0.4948277904728444,-0.4539043945197201,0.04092339595312433,0.2346237849909703,0.23288381900684077,-0.0017399659841295378,1.0114629970999311,1.1026551098488109,0.03420551596650215,0.12557002470891482,-2.2163140877640033,-2.2328730360812465,1.1229418527737578,1.1117670164666922,True,True,False,False,1.2994226284001024e-09,0.04,0.65,-0.9,0.0,3.0,-1.0
perturbation,0.27153994574749524,-0.5315589373625658,-0.5687133076565268,-0.03715437029396107,0.23366972922760088,0.23579176609996375,0.00212203687236287,0.9415700965979975,0.8800567759920889,0.0624632120437519,0.07596190299688081,-2.2253631299136116,-2.2053357019241564,1.12031548585812,1.1097344043869704,True,True,False,False,1.1396857871544541e-09,0.04,0.65,-0.9,0.0,4.5,0.4452700530962288
ejection,0.02561803735678709,-0.5230160603948244,0.29735086164571445,0.8203669220405388,0.2338916221358539,0.2126096535061651,-0.021281968629688813,0.9569495812846988,-1.6831967367773504,0.05068613192386198,1.4676319055026157,-2.2232519286131702,-2.4457967520506845,1.1183473166020854,1.093301084271672,True,False,False,False,2.416705548157305e-10,0.04,0.65,-0.9,0.8,0.0,3.1665974023084953
perturbation,0.3678401330235517,-0.4783084567430218,-0.5757128150324691,-0.09740435828944727,0.23505285859434227,0.23626012944524008,0.001207270850897807,1.0463958831254805,0.8693570595119943,0.050664161487785665,0.20597393607366707,-2.2122683515090698,-2.2009638326238394,1.1191049452858788,1.1280858096779518,True,True,False,False,4.91048095285325e-10,0.04,0.65,-0.9,0.8,1.5,0.8904718240394124
no_encounter,0.7686288402763595,-0.47291432543166667,-0.5002479123540529,-0.027333586922386188,0.2351929659011307,0.23443679601373688,-0.0007561698873938261,1.0583312305947883,1.0005039254332133,0.058219953164662594,0.09168568012632815,-2.210950476378597,-2.218081840572205,1.1224405841080627,1.1211882877576853,True,True,False,False,7.215927293201404e-11,0.04,0.65,-0.9,0.8,3.0,-1.0
perturbation,0.37205863534453226,-0.5168587975746823,-0.40308743484694476,0.11377136272773758,0.23405155104027314,0.2316989014738403,-0.0023526495664328295,0.9683495808691954,1.2416660920974711,0.04320578077766864,0.2558623067268293,-2.2217327665157147,-2.2442920389016603,1.122138875760048,1.1064939920655166,True,True,False,False,1.2294506160179596e-10,0.04,0.65,-0.9,0.8,4.5,1.1739790979491418
perturbation,0.40980680502022304,-0.4994615,-0.6169376214277962,-0.11747612142779618,0.2340525897145008,0.23788142394573397,0.0038288342312331747,1.0020792393407698,0.8112651629862978,0.0328176781628438,0.2422076322468859,-2.2217229069513826,-2.185963037276183,1.0534763893318535,1.05560123754985,True,True,False,False,2.7039278118892414e-09,0.04,0.65,-0.6,0.0,0.0,1.0109926271963212
no_encounter,0.7605194005096203,-0.4667085113468502,-0.5472755835775829,-0.08056707223073267,0.23490331669250467,0.23647189847192612,0.0015685817794214574,1.072403840580564,0.9145301106404066,0.06755259509190165,0.14254160193393195,-2.213676704619268,-2.198992790941433,1.0553457623974793,1.066085721229263,True,True,False,False,3.568976369041119e-09,0.04,0.65,-0.6,0.0,1.5,-1.0
no_encounter,0.8915685777376677,-0.4948277904728444,-0.4451384497189375,0.04968934075390691,0.23417294580611522,0.23290366738606644,-0.001269278420048786,1.0114629970999311,1.1243692840194282,0.03420551596650215,0.12853528412868692,-2.220581024891479,-2.2326827474899145,1.0568640455015113,1.0465630610210557,True,True,False,False,2.0407729408076877e-09,0.04,0.65,-0.6,0.0,3.0,-1.0
perturbation,0.04121176460110222,-0.5315589373625658,-0.8709236283854279,-0.33936469102286215,0.2332188900427458,0.24304719032209215,0.009828300279346364,0.9415700965979975,0.5746772549136803,0.0624632120437519,0.9772951056591486,-2.229665015148178,-2.1395022065915805,1.055182700516421,1.0567999789483582,True,True,False,False,2.117289423793651e-08,0.04,0.65,-0.6,0.0,4.5,0.27297369451854886
perturbation,0.1897725891103358,-0.5230160603948244,-0.7116600195835965,-0.18864395918877208,0.23344078295099882,0.23900907440742467,0.0055682914564258446,0.9569495812846988,0.7032852573239261,0.05068613192386198,0.37488093569180336,-2.2275456474507815,-2.175649612004215,1.05375288527119,1.0467377697148825,True,True,False,False,1.2718625303236357e-09,0.04,0.65,-0.6,0.8,0.0,1.361557176853692
no_encounter,0.5609924693335988,-0.478308456743022,-0.579187817688801,-0.10087936094577898,0.2346020194094872,0.236517275263176,0.0019152558536888187,1.0463958831254798,0.8641411036530464,0.05066416148778457,0.1957457982324399,-2.216519709885206,-2.1985709053234648,1.0540700219952863,1.0685215139976212,True,True,False,False,1.520963150101569e-09,0.04,0.65,-0.6,0.8,1.5,-1.0
no_encounter,0.9053771036720188,-0.47291432543166667,-0.5097461920535082,-0.03683186662184157,0.23474212671627562,0.23527602178309576,0.0005338950668201392,1.0583312305947883,0.9818611846490504,0.058219953164662594,0.09391679355414148,-2.2151967662306533,-2.2101699784748794,1.0563999317599508,1.0652504800142342,True,True,False,False,5.784232839658819e-10,0.04,0.65,-0.6,0.8,3.0,-1.0
no_encounter,0.6020641019938168,-0.5168587975746823,-0.4050646410393051,0.11179415653537722,0.23360071185541806,0.23092339117120408,-0.002677320684213974,0.9683495808691954,1.2356052572641965,0.04320578077766864,0.2363731191233083,-2.2260206138491667,-2.251829047558364,1.0564025739970402,1.0460998412718303,True,True,False,False,6.817588136092138e-10,0.04,0.65,-0.6,0.8,4.5,-1.0
perturbation,0.3287514122085992,-0.4994615,-0.7412562011126173,-0.24179470111261725,0.2340525897145008,0.23962884180732374,0.0055762520928229475,1.0020792393407698,0.6752051439822764,0.0328176781628438,0.42974979803428226,-2.2217229069513826,-2.1700225902611168,1.0568346238000048,1.0568297827778093,True,True,False,False,3.1382892519259727e-09,0.04,0.65,0.6,0.0,0.0,1.6552682282276563
no_encounter,0.8364524446023437,-0.4667085113468502,-0.5781130561983842,-0.11140454485153395,0.23490331669250467,0.2376646423522938,0.002761325659789121,1.072403840580564,0.8657476156847932,0.06755259509190165,0.1545077792072455,-2.213676704619268,-2.187956924737658,1.055584386791028,1.060558376860795,True,True,False,False,2.331227319461794e-09,0.04,0.65,0.6,0.0,1.5,-1.0
no_encounter,0.5142703569221663,-0.4948277904728444,-0.26420791849408776,0.23061987197875666,0.23417294580611522,0.22802404937579535,-0.006148896430319878,1.0114629970999311,1.8943414067705158,0.03420551596650215,0.4489414344011839,-2.220581024891479,-2.280461211979502,1.05353730097187,1.0460985604764357,True,True,False,False,2.224279019926602e-09,0.04,0.65,0.6,0.0,3.0,-1.0
no_encounter,0.695902860507787,-0.5315589373625658,-0.5714808125264096,-0.03992187516384382,0.2332188900427458,0.23419782711247658,0.0009789370697307898,0.9415700965979975,0.8757949331446199,0.0624632120437519,0.04619249159452663,-2.229665015148178,-2.2203451091382806,1.0544779116277274,1.0553878346268255,True,True,False,False,3.272150485823699e-09,0.04,0.65,0.6,0.0,4.5,-1.0
ejection,0.03714623805004542,-0.5230160603948244,3.8624391265671085,4.3854551869619325,0.23344078295099882,0.12005543657188837,-0.11338534637911045,0.9569495812846988,-0.12958133024217747,0.05068613192386198,2.1734622552050795,-2.2275456474507815,-4.331332381508834,1.056085033846232,1.0312144254182687,True,False,False,False,5.205043509192812e-09,0.04,0.65,0.6,0.8,0.0,11.203095443937691
no_encounter,0.5898309902825344,-0.4783084567430218,-0.6667518920289677,-0.18844343528594587,0.2346020194094872,0.23944468357186696,0.004842664162379773,1.0463958831254805,0.7506540378564913,0.050664161487788954,0.2992892749140672,-2.216519709885206,-2.1716915666825702,1.0566460211928894,1.047769360066581,True,True,False,False,1.198807992722095e-09,0.04,0.65,0.6,0.8,1.5,-1.0
no_encounter,0.9356336971483283,-0.47291432543166667,-0.446580874281516,0.026333451150150677,0.23474212671627562,0.2332860112722957,-0.0014561154439799162,1.0583312305947883,1.1207376509467228,0.058219953164662594,0.10195377272697484,-2.2151967662306533,-2.2290234942250633,1.054416380532183,1.0644230984957805,True,True,False,False,5.152193189759837e-10,0.04,0.65,0.6,0.8,3.0,-1.0
no_encounter,0.5087722378321098,-0.5168587975746823,-0.4881881268394283,0.028670670735254034,0.23360071185541806,0.23323042144879735,-0.00037029040662070467,0.9683495808691954,1.0252195260058448,0.04320578077766864,0.012676736289814652,-2.2260206138491667,-2.229554775787082,1.0535612525183298,1.0452559647005493,True,True,False,False,4.5646441718668955e-10,0.04,0.65,0.6,0.8,4.5,-1.0
perturbation,0.2163397742431174,-0.4994615,-0.7743393519368015,-0.2748778519368015,0.23450342889935588,0.24142431440634288,0.006920885506986996,1.0020792393407698,0.646357438438501,0.0328176781628438,0.5341056822396515,-2.2174515845701066,-2.153884132502017,1.122868175773685,1.1125779088262115,True,True,False,False,2.2403941410711383e-09,0.04,0.65,0.9,0.0,0.0,1.9227379925793255
no_encounter,0.7104121927425827,-0.4667085113468502,-0.530014743812844,-0.06330623246599376,0.23535415587735975,0.23550523429533313,0.00015107841797337707,1.072403840580564,0.9443133532465162,0.06755259509190165,0.13347702743701045,-2.2094362347736314,-2.2080188644465495,1.1213319614221688,1.1129033359476552,True,True,False,False,1.2870409296408028e-09,0.04,0.65,0.9,0.0,1.5,-1.0
perturbation,0.23000494044024059,-0.4948277904728444,-0.5932525907820617,-0.0984248003092173,0.2346237849909703,0.23756222255562945,0.002938437564659141,1.0114629970999311,0.8436541327872,0.03420551596650215,0.2961625789594487,-2.2163140877640033,-2.1889002148825774,1.1182338666470264,1.1096251333815756,True,True,False,False,1.7145437912837608e-09,0.04,0.65,0.9,0.0,3.0,1.062062689529308
no_encounter,0.8107392181977132,-0.5315589373625655,-0.6128380672258618,-0.08127912986329622,0.23366972922760088,0.2371431354993766,0.0034734062717757253,0.9415700965979978,0.8166920868111485,0.06246321204375546,0.07821592288389541,-2.2253631299136116,-2.192768510482004,1.1193177289719847,1.1117875728442976,True,True,False,False,1.4897448786555551e-09,0.04,0.65,0.9,0.0,4.5,-1.0
perturbation,0.09833059919676833,-0.5230160603948244,-0.008249539133616604,0.5147665212612078,0.2338916221358539,0.22098252678436633,-0.01290909535148757,0.9569495812846988,60.67005585323896,0.05068613192386198,0.9859787678234763,-2.2232519286131702,-2.3531272248842257,1.1216486339097167,1.1128115290230758,True,True,False,False,1.2766236380516727e-11,0.04,0.65,0.9,0.8,0.0,0.14534378763553282
no_encounter,0.4698937260660624,-0.4783084567430218,-0.6517336073153239,-0.17342515057230212,0.23505285859434227,0.2382187185223532,0.003165859928010939,1.0463958831254805,0.7679518048205336,0.050664161487788954,0.3088860096629916,-2.2122683515090698,-2.182867925851956,1.1227499080287906,1.1243494672535377,True,True,False,False,5.215143084203994e-10,0.04,0.65,0.9,0.8,1.5,-1.0
no_encounter,0.7271686365752816,-0.47291432543166667,-0.3781429081095319,0.09477141732213479,0.2351929659011307,0.23145282076217488,-0.0037401451389558193,1.0583312305947883,1.3235736788035344,0.058219953164662594,0.22721669127947036,-2.210950476378597,-2.246678170901691,1.1196340627725434,1.1208927504910697,True,True,False,False,2.7241434199402055e-10,0.04,0.65,0.9,0.8,3.0,-1.0
no_encounter,1.0725520683402037,-0.5168587975746823,-0.4761373430441468,0.04072145453053555,0.23405155104027314,0.23262518433844737,-0.0014263667018257764,0.9683495808691954,1.051167288833286,0.04320578077766864,0.04155775987637347,-2.2217327665157147,-2.2353555634090325,1.118117021068122,1.1219132044556495,True,True,False,False,2.8263028032670754e-10,0.04,0.65,0.9,0.8,4.5,-1.0
no_encounter,0.47213776763632354,-0.4992215,-0.5110842030763872,-0.01186270307638726,0.39674342889935577,0.39595109263833733,-0.0007923362610184337,1.0025609874574712,0.9792906863239415,0.039458839313898104,0.016957784873677023,-1.310670731063101,-1.3132935093955385,1.270536015486409,1.2728449651825915,True,True,False,False,4.733148486435641e-10,0.04,0.85,-0.9,0.0,0.0,-1.0
perturbation,0.2760414432504922,-0.4598347999745599,-0.42080165284880283,0.03903314712575706,0.39776646006884775,0.39633386965468187,-0.0014325904141658796,1.0884343682289592,1.1893964688865737,0.08129311545768048,0.17679589913924337,-1.307299765570972,-1.3120251379299632,1.2755829412924733,1.2861468491317682,True,True,False,False,5.701354364764213e-10,0.04,0.85,-0.9,0.0,1.5,0.7389416600119825
no_encounter,0.6571988125128004,-0.4936492901145504,-0.5145143575711149,-0.020865067456564468,0.39688816162365315,0.39792970783766435,0.001041546214011202,1.0138776860873433,0.9727619698752957,0.0411094866578596,0.1098088093661314,-1.310192770358031,-1.3067634553490897,1.279150950849388,1.2549491423656856,True,True,False,False,9.10039406534761e-10,0.04,0.85,-0.9,0.0,3.0,-1.0
perturbation,0.21191848628036222,-0.5378198749566369,-0.386257252158685,0.15156262279795185,0.3957408737056769,0.3926453178953302,-0.0030955558103467062,0.9306089702251225,1.2957685511478265,0.0750612329617685,0.3154821825670934,-1.3139911354891736,-1.324350441225991,1.2745823085338808,1.301350037813749,True,True,False,False,3.5110569445378797e-10,0.04,0.85,-0.9,0.0,4.5,1.3554432227360325
perturbation,0.26308225744605696,-0.5275467442800469,-0.5673716622034184,-0.039824917923371506,0.39600770826870524,0.3979149406166077,0.0019072323479024655,0.9487310943090775,0.8821378178393352,0.06095543121196692,0.11994918188267159,-1.3131057531010524,-1.3068119513034864,1.2710276758142587,1.2442964773215721,True,True,False,False,8.538129603868309e-11,0.04,0.85,-0.9,0.8,0.0,0.5334513876247198
no_encounter,0.600346304104096,-0.4737841703501562,-0.47694253484441135,-0.0031583644942551614,0.3974041387603907,0.39579840590491766,-0.0016057328554730521,1.0563881854264972,1.0493926698386704,0.060909997415881455,0.044435436164900186,-1.308491656936484,-1.313800137246938,1.272241667958343,1.275398091911747,True,True,False,False,2.870567193447822e-10,0.04,0.85,-0.9,0.8,1.5,-1.0
perturbation,0.252310133799644,-0.4672975246852955,-0.5769000814703601,-0.10960255678506459,0.39757262306337404,0.40002231746955125,0.0024496944061772052,1.0710521104023927,0.8675679135360195,0.07002466908589686,0.21193796309546814,-1.3079371411273224,-1.299927472270547,1.2781840846565988,1.3147206532431275,True,True,False,False,2.84607330241035e-10,0.04,0.85,-0.9,0.8,3.0,0.9182485823414563
no_encounter,0.5908998212613257,-0.520142404290102,-0.47737674227355276,0.04276566201654919,0.3962000287879246,0.39582702284572635,-0.0003730059421982457,0.9622364873002226,1.0484381740432525,0.05198235586164403,0.13785250157120457,-1.312468354913579,-1.3137051539876046,1.2777925546547222,1.2454991822266674,True,True,False,False,1.5919718267412073e-10,0.04,0.85,-0.9,0.8,4.5,-1.0
perturbation,0.22498857704902223,-0.4992215,-0.5540786939380927,-0.05485719393809274,0.39629258971450065,0.39832769589172634,0.0020351061772256873,1.0025609874574712,0.903301291812388,0.039458839313898104,0.127074972457876,-1.312161805434266,-1.3054578061309268,1.1270830038622317,1.1450988825333526,True,True,False,False,1.120080667363662e-09,0.04,0.85,-0.6,0.0,0.0,0.6381828599400554
ejection,0.10674019135214884,-0.45983479997455967,3.491253494620858,3.9510882945954178,0.39731562088399264,0.2947290533595568,-0.10258656752443585,1.0884343682289597,-0.14335825249330772,0.08129311545768048,3.7125850378662473,-1.3087831755596353,-1.7643323387111836,1.1305882868949786,1.0989589894582419,True,False,False,False,1.0634236310310375e-09,0.04,0.85,-0.6,0.0,1.5,12.925254815618688
no_encounter,0.8361871629862535,-0.4936492901145504,-0.5199993478642647,-0.02635005774971433,0.39643732243879803,0.39643715901215354,-1.6342664449497946e-07,1.0138776860873433,0.9625012070796776,0.0411094866578596,0.10991565101155126,-1.3116827568127811,-1.3116832975388628,1.1335140277297173,1.1104991912328306,True,True,False,False,1.3050565710333335e-09,0.04,0.85,-0.6,0.0,3.0,-1.0
no_encounter,0.4685470176750078,-0.5378198749566369,-0.4197652878334621,0.11805458712317474,0.3952900345208218,0.3929051614975488,-0.002384873023273004,0.9306089702251225,1.192332988235484,0.0750612329617685,0.2317695446791152,-1.3154897786137059,-1.3234745963072418,1.1303859363688142,1.1498362673006273,True,True,False,False,1.0779920373950152e-09,0.04,0.85,-0.6,0.0,4.5,-1.0
perturbation,0.033428388374968684,-0.5275467442800469,-0.3478897995528676,0.1796569447271793,0.3955568690838501,0.39262885134789266,-0.0029280177359574666,0.9487310943090775,1.438673972744466,0.06095543121196692,0.6233316123990297,-1.314602376149788,-1.3244059834493642,1.127648224052522,1.131407754754825,True,True,False,False,3.8045062318714984e-10,0.04,0.85,-0.6,0.8,0.0,2.136574613887299
perturbation,0.35481714861639413,-0.4737841703501564,-0.48501914054107326,-0.011234970190916849,0.3969532995755356,0.39661703318984803,-0.00033626638568756695,1.0563881854264967,1.0319180382070214,0.060909997415881455,0.017826470586135113,-1.3099777746048187,-1.311088421538095,1.1281810834822852,1.1543783673196994,True,True,False,False,1.3586549342971159e-10,0.04,0.85,-0.6,0.8,1.5,0.45072324704578565
no_encounter,0.5138601346307681,-0.4672975246852955,-0.5649286115205034,-0.09763108683520794,0.39712178387851893,0.39783816861472693,0.0007163847362079978,1.0710521104023927,0.8859526492257241,0.07002466908589686,0.17000525316602633,-1.3094219987666806,-1.3070641306505124,1.1325977778350638,1.1279060269247876,True,True,False,False,6.278222118881285e-11,0.04,0.85,-0.6,0.8,3.0,-1.0
no_encounter,0.7994340652398857,-0.520142404290102,-0.4664796759151284,0.053662728374973545,0.3957491896030695,0.39553515017109286,-0.00021403943197662034,0.9622364873002226,1.0729299170818778,0.05198235586164082,0.13527544940370206,-1.3139635245281291,-1.3146745612243782,1.1326775445992368,1.1472419935220415,True,True,False,False,5.659749538906966e-11,0.04,0.85,-0.6,0.8,4.5,-1.0
no_encounter,0.5845981634606408,-0.4992215,-0.5545531800737421,-0.05533168007374212,0.39629258971450065,0.3976570167607018,0.0013644270462011554,1.0025609874574712,0.9025284102300984,0.039458839313898104,0.05795915689423874,-1.312161805434266,-1.3076595610858304,1.133466295089417,1.1577204971613286,True,True,False,False,1.276473707770058e-09,0.04,0.85,0.6,0.0,0.0,-1.0
ejection,0.06398149792047188,-0.45983479997455967,3.773534812960912,4.233369612935472,0.39731562088399264,0.2873829613174797,-0.10993265956651294,1.0884343682289597,-0.13263426066216188,0.08129311545768048,1.599524301076283,-1.3087831755596353,-1.8094322558863956,1.1310412125626477,1.0982884469600058,True,False,False,False,1.0209817138037488e-09,0.04,0.85,0.6,0.0,1.5,11.357581577149373
no_encounter,0.8160462467156016,-0.4936492901145504,-0.3862653161400211,0.10738397397452931,0.39643732243879803,0.3933726432724671,-0.003064679166330908,1.0138776860873433,1.2957414996550423,0.0411094866578596,0.22012636398225352,-1.3116827568127811,-1.3219017867488696,1.1271918774894167,1.1076065701174294,True,True,False,False,1.2827381439037023e-09,0.04,0.85,0.6,0.0,3.0,-1.0
no_encounter,0.9011167460302837,-0.5378198749566369,-0.5068342240539789,0.030985650902657924,0.3952900345208218,0.3944776709124392,-0.0008123636083826047,0.9306089702251225,0.9875023750304116,0.0750612329617685,0.03169416612780241,-1.3154897786137059,-1.3181988192062273,1.1290443846527154,1.1194925447229116,True,True,False,False,1.1922097903554483e-09,0.04,0.85,0.6,0.0,4.5,-1.0
no_encounter,0.7935483007318611,-0.5275467442800469,-0.5798997180722335,-0.05235297379218662,0.3955568690838501,0.3985196813019968,0.0029628122181466487,0.9487310943090775,0.8630802609523888,0.06095543121196692,0.08892446599698801,-1.314602376149788,-1.3048289065702277,1.1320857450998492,1.134646910527337,True,True,False,False,3.071285501100823e-11,0.04,0.85,0.6,0.8,0.0,-1.0
perturbation,0.43693810699548546,-0.4737841703501562,-0.5092945601309573,-0.03551038978080112,0.3969532995755356,0.39752857882788656,0.0005752792523509576,1.0563881854264972,0.9827318789175836,0.0609099974158851,0.020466118498640627,-1.3099777746048187,-1.308082054209085,1.1330729803398492,1.111245259417897,True,True,False,False,1.0159582074698963e-10,0.04,0.85,0.6,0.8,1.5,0.5080978081766528
no_encounter,0.7203584669508473,-0.4672975246852955,-0.597883642384797,-0.13058611769950146,0.39712178387851893,0.400323721005855,0.003201937127336074,1.0710521104023927,0.837119406718739,0.07002466908589686,0.2059952949506802,-1.3094219987666806,-1.2989487575041667,1.1288318426408723,1.1147415715090958,True,True,False,False,1.1492634136406929e-10,0.04,0.85,0.6,0.8,3.0,-1.0
perturbation,0.07521154655626194,-0.520142404290102,-0.9757324311472166,-0.4555900268571147,0.3957491896030695,0.40759745548584053,0.011848265882771047,0.9622364873002226,0.5129480009304779,0.05198235586164082,0.9527175569205942,-1.3139635245281291,-1.2757685137660635,1.1272726588922393,1.1524622058310365,True,True,False,False,6.9118440761180906e-09,0.04,0.85,0.6,0.8,4.5,0.30137952690913444
no_encounter,0.7289639672952434,-0.4992215,-0.5734924265644694,-0.07427092656446943,0.39674342889935577,0.39926772938104577,0.0025243004816900005,1.0025609874574712,0.8727229459650694,0.039458839313898104,0.07677032635760611,-1.310670731063101,-1.3023842442917093,1.2790351860840474,1.254036374325327,True,True,False,False,5.480058324548319e-10,0.04,0.85,0.9,0.0,0.0,-1.0
perturbation,0.13211882715074377,-0.45983479997455967,-0.12260980976278152,0.33722499021177815,0.39776646006884775,0.3880559407558535,-0.00971051931299427,1.0884343682289597,4.082055106099086,0.08129311545768048,0.753672792471375,-1.307299765570972,-1.340012986238908,1.2761857657519418,1.2607806487706603,True,True,False,False,3.573820937430943e-10,0.04,0.85,0.9,0.0,1.5,3.089099793212666
perturbation,0.21604712020737094,-0.4936492901145504,-0.13521779145929136,0.35843149865525903,0.39688816162365315,0.38709995318515306,-0.00978820843850009,1.0138776860873433,3.701435991510632,0.0411094866578596,0.7365438306052636,-1.310192770358031,-1.3433223014400102,1.270733642713824,1.2622930300669357,True,True,False,False,7.032996926026382e-10,0.04,0.85,0.9,0.0,3.0,3.1446106756271104
no_encounter,1.3195923996481416,-0.5378198749566366,-0.5439831464864805,-0.006163271529843861,0.3957408737056769,0.39691533432622406,0.0011744606205471575,0.9306089702251228,0.9200652689934739,0.07506123296177072,0.06198761187521421,-1.3139911354891736,-1.310103074961102,1.272795412325985,1.241137579938794,True,True,False,False,6.20660005863004e-10,0.04,0.85,0.9,0.0,4.5,-1.0
no_encounter,0.9430039666076979,-0.5275467442800469,-0.6078819054724314,-0.08033516119238449,0.39600770826870524,0.3997893842740009,0.0037816760052956644,0.9487310943090775,0.8233507125220699,0.06095543121196692,0.11440821312572362,-1.3131057531010524,-1.300684861716116,1.2769377125953072,1.275463437299059,True,True,False,False,1.62259006220198e-10,0.04,0.85,0.9,0.8,0.0,-1.0
no_encounter,0.5878256679853447,-0.4737841703501562,-0.5290243343874659,-0.05524016403730969,0.3974041387603907,0.39709747173511517,-0.0003066670252755421,1.0563881854264972,0.9460812432749564,0.0609099974158851,0.02109861181735436,-1.308491656936484,-1.3095021676362304,1.2787534708992305,1.2716105655600358,True,True,False,False,1.4176940130536704e-10,0.04,0.85,0.9,0.8,1.5,-1.0
no_encounter,0.5592756447787749,-0.4672975246852955,-0.5428108740138159,-0.07551334932852038,0.39757262306337404,0.3986345723641153,0.0010619493007412717,1.0710521104023927,0.9220522726434197,0.07002466908589686,0.21005604337537592,-1.3079371411273224,-1.3044528398932462,1.2731714164239352,1.3166426128502828,True,True,False,False,1.1376016233661533e-10,0.04,0.85,0.9,0.8,3.0,-1.0
no_encounter,0.8349278115805574,-0.520142404290102,-0.44792111472226326,0.07222128956783869,0.3962000287879246,0.3944754495429963,-0.0017245792449283037,0.9622364873002226,1.1173842526051458,0.05198235586164082,0.054345860235135754,-1.312468354913579,-1.3182062422450502,1.2705946565362838,1.2454816645849802,True,True,False,False,2.56855967990123e-10,0.04,0.85,0.9,0.8,4.5,-1.0
no_encounter,0.7187208520144848,-0.49855150000000004,-0.5984152711331416,-0.0998637711331416,0.12974477231856177,0.1305815430560258,0.000836770737464021,1.0039083224100216,0.8363757145640147,0.053823786563189854,0.2887380550140855,-4.162017400393909,-4.135347058721108,1.045368958919499,1.0434758486802098,True,True,False,False,3.104270238620283e-09,0.08,0.45,-0.9,0.0,0.0,-1.0
no_encounter,0.8260967197379397,-0.4448181301553985,-0.5353487115643905,-0.09053058140899195,0.1304694481356468,0.13041607236428454,-5.337577136224625e-05,1.1251789575778954,0.9349046503491977,0.11131029495484702,0.22824679745393445,-4.1389000085182515,-4.140593948356654,1.0467749208704031,1.0444299904502625,True,True,False,False,4.016602637370438e-09,0.08,0.45,-0.9,0.0,1.5,-1.0
no_encounter,0.6640845349464771,-0.49094960356203443,-0.310361521715093,0.18058808184694142,0.1298472953973955,0.12706330071454724,-0.002783994682848262,1.0194529058963966,1.612635475023386,0.056084728430168325,0.41369009595748746,-4.158731210745199,-4.249850247579602,1.0476363244384184,1.0493066766872245,True,True,False,False,2.3331839888050683e-09,0.08,0.45,-0.9,0.0,3.0,-1.0
no_encounter,0.451640018034018,-0.551209396081823,-0.7234407247678415,-0.17223132868601854,0.1290346008928828,0.13144707195009497,0.002412471057212179,0.9080033895606968,0.6918327692439692,0.10201377531313055,0.3153119363646393,-4.1849240146701225,-4.108117373698637,1.0463375788970986,1.045548733992558,True,True,False,False,3.36167853680013e-09,0.08,0.45,-0.9,0.0,4.5,-1.0
no_encounter,0.6472149307854704,-0.5371942607759816,-0.6278457028975301,-0.09065144212154841,0.1292236162042004,0.13046081447409827,0.0012371982698978767,0.9316927535246253,0.7971703838860007,0.08296018253401032,0.23847209042562545,-4.1788027286489715,-4.139173913460519,1.0454347807136708,1.0428906677527727,True,True,False,False,8.962505797005644e-10,0.08,0.45,-0.9,0.8,0.0,-1.0
no_encounter,0.7471839833962163,-0.46384858147544084,-0.5764695597458809,-0.11262097827044004,0.1302127936972646,0.13071398530565573,0.0005011916083911272,1.0790159116321447,0.8682158347105616,0.08325298887450691,0.29260755753988615,-4.147057940062797,-4.13115703524216,1.045869074375147,1.0495521215105927,True,True,False,False,1.771630566222812e-09,0.08,0.45,-0.9,0.8,1.5,-1.0
no_encounter,0.9176943028953684,-0.45499916453175926,-0.44971740823163686,0.005281756300122398,0.1303321414782234,0.13003268281271382,-0.00029945866550956657,1.100002019817038,1.1129211163251354,0.09578964231269783,0.1712675717333416,-4.143260395136116,-4.152802113432993,1.047442167829974,1.0433965761461503,True,True,False,False,7.837983390543582e-10,0.08,0.45,-0.9,0.8,3.0,-1.0
perturbation,0.17995755078156525,-0.5270928778503264,-0.6563997356917172,-0.12930685784139073,0.12935984864125968,0.13184496108974436,0.0024851124484846776,0.9495480228099803,0.7624926897214098,0.0708136766199849,0.31254671402672296,-4.174401915833454,-4.095719666013116,1.047218098083777,1.0522179323608227,True,True,False,False,1.6415516384793536e-09,0.08,0.45,-0.9,0.8,4.5,1.0737886374904708
no_encounter,0.8365043640809451,-0.49855150000000004,-0.631688431589608,-0.13313693158960793,0.1292765931650584,0.13045882170575582,0.001182228540697411,1.0039083224100216,0.7923209844773003,0.053823786563189854,0.3117298887658227,-4.177090274265939,-4.139237139654277,1.0200914227876394,1.0205211170151585,True,True,False,False,5.18539887374787e-09,0.08,0.45,-0.6,0.0,0.0,-1.0
no_encounter,0.9570077678780797,-0.4448181301553983,-0.5635680536628239,-0.11874992350742564,0.13000126898214343,0.13045223819637836,0.00045096921423493086,1.125178957577896,0.8880915033190351,0.11131029495484702,0.24571400371564553,-4.1538056068835205,-4.1394460337821295,1.0209606989372504,1.0181282529545792,True,True,False,False,4.034049495268613e-09,0.08,0.45,-0.6,0.0,1.5,-1.0
no_encounter,0.8477634692834435,-0.49094960356203443,-0.2913382209322639,0.19961138262977052,0.12937911624389214,0.12624617783662123,-0.0031329384072709132,1.0194529058963966,1.7179345655315377,0.056084728430168325,0.4344886322192558,-4.173780248908547,-4.277357217886069,1.0216232370037897,1.0192119973072877,True,True,False,False,4.914267137922312e-09,0.08,0.45,-0.6,0.0,3.0,-1.0
no_encounter,0.5680408651120252,-0.551209396081823,-0.7612917144145626,-0.2100823183327396,0.12856642173937943,0.13248277689092874,0.003916355151549311,0.9080033895606968,0.6574352387177721,0.10201377531313055,0.34580010422584806,-4.200163562883076,-4.076001520141555,1.0208322994414198,1.027037017199402,True,True,False,False,4.7721733072687416e-09,0.08,0.45,-0.6,0.0,4.5,-1.0
no_encounter,0.7856327457186272,-0.5371942607759816,-0.6664803760474574,-0.1292861152714757,0.12875543705069703,0.13052173284817228,0.0017662957974752536,0.9316927535246253,0.7509598451618347,0.08296018253401032,0.26285049432432556,-4.193997646774146,-4.137242037907573,1.0201964904058556,1.0240424031905992,True,True,False,False,2.173908188630185e-09,0.08,0.45,-0.6,0.8,0.0,-1.0
no_encounter,0.8635460882050539,-0.46384858147544084,-0.6073846271874078,-0.143536045711967,0.12974461454376124,0.1306931636372435,0.0009485490934822705,1.0790159116321447,0.824024806682457,0.08325298887450425,0.31412923189794834,-4.162022461578664,-4.1318151995986785,1.0203755942034305,1.0233422212207652,True,True,False,False,3.6209668008005532e-09,0.08,0.45,-0.6,0.8,1.5,-1.0
no_encounter,1.0197635246178425,-0.45499916453175926,-0.45641293903985886,-0.0014137745080995967,0.12986396232472003,0.1289797264563507,-0.0008842358683693319,1.100002019817038,1.0965946781721079,0.09578964231269783,0.15983472379769004,-4.158197473212391,-4.186704490978641,1.0214322322814395,1.0179093986995529,True,True,False,False,3.1523450418229473e-09,0.08,0.45,-0.6,0.8,3.0,-1.0
ejection,0.03812746693712372,-0.5270928778503264,1.677586925963198,2.2046798038135242,0.12889166948775632,0.09894201761746543,-0.02994965187029089,0.9495480228099803,-0.2983451958607954,0.07081367661998647,4.336584214152991,-4.189564788369009,-5.457741948297183,1.0213951965723398,1.0165789408714896,True,False,False,False,2.421773547822582e-09,0.08,0.45,-0.6,0.8,4.5,8.95223788628282
no_encounter,0.8636156831234438,-0.49855150000000004,-0.6900741932364802,-0.1915226932364802,0.1292765931650584,0.13133428052847773,0.002057687363419325,1.0039083224100216,0.7252843316058981,0.053823786563189854,0.31410500772134997,-4.177090274265939,-4.111645473117049,1.0216058392183172,1.019263746069751,True,True,False,False,5.116605416971816e-09,0.08,0.45,0.6,0.0,0.0,-1.0
no_encounter,0.9389609095812083,-0.4448181301553983,-0.5858653528747405,-0.14104722271934222,0.13000126898214343,0.13132345939420148,0.0013221904120580552,1.125178957577896,0.8542918565573686,0.11131029495484902,0.21256923455583626,-4.1538056068835205,-4.111984275247043,1.0210685553955456,1.0262763046204475,True,True,False,False,4.6331474150795066e-09,0.08,0.45,0.6,0.0,1.5,-1.0
ejection,0.10792001823194167,-0.49094960356203443,0.6927880190332215,1.183737622595256,0.12937911624389214,0.11362542178579951,-0.015753694458092632,1.0194529058963966,-0.7224432095382401,0.056084728430168325,2.2137184468930013,-4.173780248908547,-4.752457605992247,1.0201225313034243,1.0180188142380668,True,False,False,False,6.136227517947811e-09,0.08,0.45,0.6,0.0,3.0,4.839807058722838
no_encounter,0.5115148051377316,-0.5512093960818227,-0.968379579612161,-0.4171701835303383,0.12856642173937943,0.13616268681260563,0.007596265073226194,0.9080033895606973,0.5168427861732191,0.1020137753131311,0.5342599129951655,-4.200163562883076,-3.9658441871316548,1.0205151933568093,1.0251388588179045,True,True,False,False,6.284253726670649e-09,0.08,0.45,0.6,0.0,4.5,-1.0
no_encounter,0.7618265763453008,-0.5371942607759816,-0.6984712461429939,-0.1612769853670123,0.12875543705069703,0.13188161828054762,0.0031261812298505887,0.9316927535246253,0.716564930573442,0.08296018253401032,0.2432308579033849,-4.193997646774146,-4.094581239147938,1.0212464341877607,1.0186157918728316,True,True,False,False,3.94964837379647e-09,0.08,0.45,0.6,0.8,0.0,-1.0
no_encounter,0.8825666733045462,-0.46384858147544084,-0.6870403506246935,-0.22319176914925265,0.12974461454376124,0.13164214999851065,0.0018975354547494105,1.0790159116321447,0.7284870525361703,0.08325298887450425,0.34472880083058155,-4.162022461578664,-4.102029631133413,1.0215389841442,1.0213395440142066,True,True,False,False,3.0297461144123266e-09,0.08,0.45,0.6,0.8,1.5,-1.0
no_encounter,1.0282563854943396,-0.45499916453175926,-0.3216945631325937,0.13330460139916556,0.12986396232472003,0.1279216390403055,-0.0019423232844145155,1.100002019817038,1.5558236207856193,0.09578964231269783,0.3097735466525969,-4.158197473212391,-4.221334279729303,1.0205360698140433,1.0190694003783969,True,True,False,False,3.2397952277478523e-09,0.08,0.45,0.6,0.8,3.0,-1.0
no_encounter,0.695722554144683,-0.5270928778503264,-0.5619515602049991,-0.03485868235467271,0.12889166948775632,0.1302040379031276,0.0013123684153712734,0.9495480228099803,0.8906461614189989,0.0708136766199849,0.023371026468987345,-4.189564788369009,-4.147336816096,1.020115461155197,1.0209304174402145,True,True,False,False,1.9031851357751185e-09,0.08,0.45,0.6,0.8,4.5,-1.0
no_encounter,0.7337932786360662,-0.49855150000000004,-0.6004884404601203,-0.10193694046012025,0.12974477231856177,0.1306974891974831,0.0009527168789213447,1.0039083224100216,0.8334881511066143,0.053823786563189854,0.27218624284768084,-4.162017400393909,-4.131678453164952,1.047592968018923,1.0430396704692957,True,True,False,False,2.860668769649073e-09,0.08,0.45,0.9,0.0,0.0,-1.0
no_encounter,0.8354836687978886,-0.4448181301553983,-0.5044817613433291,-0.05966363118793083,0.1304694481356468,0.13025565988472101,-0.0002137882509257727,1.125178957577896,0.9921072243866129,0.11131029495484902,0.18224538992031789,-4.1389000085182515,-4.145693173547402,1.0469332804912652,1.042051364553945,True,True,False,False,2.705405968800721e-09,0.08,0.45,0.9,0.0,1.5,-1.0
perturbation,0.4416434086981433,-0.49094960356203443,-0.47389860188123295,0.01705100168080148,0.1298472953973955,0.12973428250006866,-0.00011301289732684738,1.0194529058963966,1.0561331010751405,0.056084728430168325,0.16780349785341425,-4.158731210745199,-4.162353925221842,1.0454325168677125,1.0503184972154687,True,True,False,False,2.311287429148412e-09,0.08,0.45,0.9,0.0,3.0,0.6312279571682197
perturbation,0.4377224680995995,-0.551209396081823,-0.9200013340422042,-0.36879193796038123,0.1290346008928828,0.13514623306860907,0.006111632175726273,0.9080033895606968,0.5440209502751003,0.1020137753131311,0.5234203020180437,-4.1849240146701225,-3.9956718566166822,1.0458717930836186,1.0611024990266977,True,True,False,False,4.126671646328282e-09,0.08,0.45,0.9,0.0,4.5,0.19356388545999054
no_encounter,0.648941642941804,-0.5371942607759816,-0.5680549300603837,-0.03086066928440201,0.1292236162042004,0.1297261569828715,0.0005025407786710956,0.9316927535246253,0.8810767647889216,0.08296018253401032,0.24762977459852134,-4.1788027286489715,-4.162614638089521,1.0469769204224055,1.042598586452501,True,True,False,False,8.24700083880535e-10,0.08,0.45,0.9,0.8,0.0,-1.0
no_encounter,0.7635108892120176,-0.46384858147544084,-0.6211521069016831,-0.15730352542624226,0.1302127936972646,0.1313290456097853,0.0011162519125207104,1.0790159116321447,0.8057607700897967,0.08325298887450691,0.29670187727658437,-4.147057940062797,-4.111809367780594,1.0475773447134222,1.0524565350221449,True,True,False,False,1.555403003621035e-09,0.08,0.45,0.9,0.8,1.5,-1.0
no_encounter,0.8732777136630838,-0.45499916453175926,-0.20686237378696626,0.248136790744793,0.1303321414782234,0.12607671234798554,-0.004255429130237853,1.100002019817038,2.4194830158694374,0.09578964231269783,0.5676959929408288,-4.143260395136116,-4.283106609803886,1.0461263289542908,1.0440277612245168,True,True,False,False,9.589140056354396e-10,0.08,0.45,0.9,0.8,3.0,-1.0
no_encounter,0.7892175599117535,-0.5270928778503262,-0.6443418816592378,-0.11724900380891157,0.12935984864125968,0.1308233081310919,0.0014634594898322029,0.9495480228099807,0.7767615519748117,0.07081367661998725,0.09673519932492665,-4.174401915833454,-4.127704823508143,1.0453385193078637,1.0416209886950383,True,True,False,False,6.276338267682472e-10,0.08,0.45,0.9,0.8,4.5,-1.0
ejection,0.11465850244067705,-0.4978475,0.4876058753521086,0.9854533753521086,0.25804877231856194,0.24420791619918997,-0.01384085611937197,1.0053279367677852,-1.0264437433994829,0.06561249880929702,1.9572639215920935,-2.092627665491733,-2.211230530133778,1.129387651361555,1.114996363656312,True,False,False,False,1.3675591456876694e-09,0.08,0.65,-0.9,0.0,0.0,4.083406398822437
ejection,0.0736955307651464,-0.43234152269370096,2.432105541640834,2.8644470643345348,0.2589322195649505,0.2197882956414398,-0.03914392392351068,1.157649621256913,-0.20578876674173224,0.13624899235105764,3.653489432121647,-2.0854878582020056,-2.4569097204382078,1.1323995044390314,1.113308531647561,True,False,False,False,1.182120899858676e-09,0.08,0.65,-0.9,0.0,1.5,10.70271152925973
no_encounter,0.7940026005980165,-0.48858008094568883,-0.4446572340469619,0.04392284689872694,0.258173757490623,0.2577892312210103,-0.0003845262696127172,1.0243970630796881,1.125586095709713,0.06841719704526004,0.21793682345035412,-2.091614598046872,-2.0947345140924143,1.1344492131348212,1.1198302868180754,True,True,False,False,1.0828458138198884e-09,0.08,0.65,-0.9,0.0,3.0,-1.0
perturbation,0.36716626351335385,-0.5620423747251315,-0.5582771691817489,0.003765205543382666,0.25718300727481636,0.258427075626092,0.0012440683512756623,0.8905022512666788,0.8965080924472851,0.12383113707182884,0.10733766730725314,-2.099672158444651,-2.0895643333491294,1.1317046266132378,1.1414681708483412,True,True,False,False,9.722696502185437e-10,0.08,0.65,-0.9,0.0,4.5,0.36811996538152036
perturbation,0.09098115017266939,-0.5449566207896488,-0.9083122373543044,-0.36335561656465565,0.25741343452569443,0.26189947720393564,0.004486042678241209,0.9184217255215091,0.5510219717592227,0.10080791589041146,0.8370662160853207,-2.0977926074254625,-2.061859785918982,1.129637088760331,1.1510428581542,True,True,False,False,1.8085346506864695e-09,0.08,0.65,-0.9,0.8,0.0,0.2450663361087167
perturbation,0.1340263657820236,-0.4555414134860436,-0.1906061766192827,0.2649352368667609,0.258619333924894,0.254078994911766,-0.004540339013128003,1.098692643924313,2.6258330599626896,0.10177557406320574,0.6587171591905469,-2.0880109456813547,-2.1253232688027826,1.1304205894165136,1.1338724849515025,True,True,False,False,1.1875872487961631e-10,0.08,0.65,-0.9,0.8,1.5,2.7165652252383574
no_encounter,0.5216986209292935,-0.4447531508633332,-0.5805658477715097,-0.13581269690817643,0.2587648299742512,0.26065925391848205,0.0018944239442308386,1.1253433483910202,0.8620899798380479,0.1171720445914585,0.2837596535358584,-2.0868369169555754,-2.071670166634016,1.1339176898639998,1.1447374397197274,True,True,False,False,5.567877903961378e-10,0.08,0.65,-0.9,0.8,3.0,-1.0
perturbation,0.36286937890910304,-0.5326420951493647,-0.2724045922672266,0.2602375028821381,0.25757951454182215,0.25533207426365157,-0.002247440278170587,0.9396553606219362,1.837340537596421,0.0861131603556959,0.5509102071793937,-2.096440009837515,-2.114892935238544,1.1336132590815817,1.1363879344387595,True,True,False,False,2.243396150602264e-10,0.08,0.65,-0.9,0.8,4.5,2.384276075425825
perturbation,0.20689591776552707,-0.4978475,-0.8047446827638933,-0.30689718276389333,0.25758059316505855,0.260705217763361,0.003124624598302428,1.0053279367677852,0.6219363864338117,0.06561249880929702,0.6480392259613929,-2.0964312309583284,-2.071304919144931,1.058769832440214,1.066193608476419,True,True,False,False,2.7558145825074574e-09,0.08,0.65,-0.6,0.0,0.0,0.2146036207290227
perturbation,0.16266834722868018,-0.43234152269370074,-0.7760771054277398,-0.34373558273403904,0.2584640404114471,0.2613824502556592,0.0029184098442121,1.1576496212569136,0.6449101468135002,0.13624899235105764,0.7261100495023458,-2.0892654898545184,-2.065938242876765,1.0607373113075333,1.0608484943100591,True,True,False,False,2.381280664142588e-09,0.08,0.65,-0.6,0.0,1.5,0.24540827441948015
no_encounter,0.980197853889282,-0.48858008094568883,-0.4366294482884563,0.05195063265723254,0.2577055783371196,0.2574802539787111,-0.0002253243584084963,1.0243970630796881,1.146280906983965,0.06841719704526004,0.21304089412090266,-2.095414478353258,-2.097248203136572,1.0623410817738623,1.0672570749451749,True,True,False,False,1.7699272937542265e-09,0.08,0.65,-0.6,0.0,3.0,-1.0
perturbation,0.256296475934974,-0.5620423747251315,-0.6251535054374437,-0.06311113071231222,0.25671482812131297,0.2588746190458196,0.0021597909245066327,0.8905022512666788,0.8006033648484159,0.12383113707182884,0.06930757134558253,-2.103501398621267,-2.0859518866328974,1.0605736137425028,1.0532207855694211,True,True,False,False,2.9004715827055614e-09,0.08,0.65,-0.6,0.0,4.5,0.5397890692914935
perturbation,0.24500788130276865,-0.5449566207896488,-0.8334984146437678,-0.28854179385411904,0.2569452553721911,0.26163806077033924,0.004692805398148148,0.9184217255215091,0.60048104616241,0.10080791589041146,0.5279725262943408,-2.101614988834091,-2.0639198991541274,1.0590643953286645,1.0881437961822447,True,True,False,False,4.94811428344369e-10,0.08,0.65,-0.6,0.8,0.0,0.1749933287771759
perturbation,0.09124687404364447,-0.4555414134860436,-0.40176957979508576,0.05377183369095784,0.2581511547713906,0.2555769105906035,-0.002574244180787111,1.098692643924313,1.2457389139697177,0.10177557406320356,0.49314919802354445,-2.0917977317521768,-2.112866920380771,1.0593935306530982,1.057889215434819,True,True,False,False,5.599390255389026e-10,0.08,0.65,-0.6,0.8,1.5,1.389130142207332
no_encounter,0.7190303046427375,-0.4447531508633332,-0.6043629323194383,-0.15960978145610505,0.2582966508207478,0.2592377500385262,0.0009410992177784072,1.1253433483910202,0.8281447673820254,0.1171720445914585,0.3050504770993559,-2.0906194419638378,-2.0830299596403252,1.06184915315092,1.0730424664193712,True,True,False,False,3.8475084290502286e-10,0.08,0.65,-0.6,0.8,3.0,-1.0
no_encounter,0.6032750431027406,-0.5326420951493647,-0.2864992695373716,0.24614282561199308,0.2571113353883188,0.2538102332324812,-0.003301102155837621,0.9396553606219362,1.7469503528165666,0.08611316035569784,0.5033691916451597,-2.100257459222599,-2.12757379055469,1.0618577134281282,1.0564376165827436,True,True,False,False,7.661971339641078e-11,0.08,0.65,-0.6,0.8,4.5,-1.0
perturbation,0.07216423633053294,-0.4978475,-0.968038358274652,-0.470190858274652,0.25758059316505855,0.26385690389573424,0.006276310730675694,1.0053279367677852,0.517024966750334,0.06561249880929702,0.9578323293043666,-2.0964312309583284,-2.0465638458843833,1.0623106992773275,1.0632385897054846,True,True,False,False,8.032529945885084e-09,0.08,0.65,0.6,0.0,0.0,0.3104600353685392
ejection,0.019348624949821064,-0.43234152269370074,0.3392527565815324,0.7715942792752332,0.2584640404114471,0.24657005508413676,-0.011893985327310341,1.1576496212569136,-1.475301203277666,0.13624899235105928,1.5344225406248932,-2.0892654898545184,-2.1900469617680725,1.0609888478821223,1.0649492491280652,True,False,False,False,1.7547964692891106e-09,0.08,0.65,0.6,0.0,1.5,3.3581098197792536
no_encounter,0.8526674669426071,-0.48858008094568883,-0.1369167456802769,0.35166333526541194,0.2577055783371196,0.2525366586787048,-0.005168919658414817,1.0243970630796881,3.655506107110884,0.06841719704526004,0.7236164504943436,-2.095414478353258,-2.1383034163250993,1.0588335460259022,1.0583305130128504,True,True,False,False,2.1579592159824575e-09,0.08,0.65,0.6,0.0,3.0,-1.0
perturbation,0.4398352285852764,-0.5620423747251313,-0.6644064355219652,-0.10236406079683391,0.25671482812131297,0.25849983732721477,0.0017850092059017997,0.8905022512666793,0.7533039616131977,0.1238311370718293,0.02242788078265662,-2.103501398621267,-2.0889761695147846,1.0598303065827541,1.049184242524057,True,True,False,False,2.8612078219013918e-09,0.08,0.65,0.6,0.0,4.5,0.6855076004287167
perturbation,0.1603269494539095,-0.5449566207896488,-1.0885744862852214,-0.5436178654955726,0.2569452553721911,0.26451116724598406,0.007565911873792963,0.9184217255215091,0.45977561141265083,0.10080791589041146,0.9350048623343218,-2.101614988834091,-2.0415017090670626,1.0615238337738935,1.058434435913742,True,True,False,False,2.1163660952635285e-09,0.08,0.65,0.6,0.8,0.0,0.3058889302392833
ejection,0.11409043851298004,-0.4555414134860436,0.177525760917906,0.6330671744039496,0.2581511547713906,0.2484544270406673,-0.009696727730723304,1.098692643924313,-2.819309138077421,0.10177557406320356,1.309932592627928,-2.0917977317521768,-2.173436820715665,1.0621091676388863,1.0568734568123601,True,False,False,False,1.4453417791393456e-09,0.08,0.65,0.6,0.8,1.5,2.7408995748665315
no_encounter,0.7877150996798076,-0.4447531508633332,-0.6704575765315041,-0.22570442566817084,0.2582966508207478,0.2603034880582907,0.002006837237542858,1.1253433483910202,0.7465050996802063,0.1171720445914585,0.34632729923066086,-2.0906194419638378,-2.07450159053987,1.0597581680063655,1.077525319086693,True,True,False,False,8.457744579826757e-10,0.08,0.65,0.6,0.8,3.0,-1.0
no_encounter,0.5088610577105566,-0.5326420951493647,-0.4788815733857784,0.053760521763586255,0.2571113353883188,0.25599986012337644,-0.0011114752649423743,0.9396553606219362,1.0451435758143195,0.0861131603556959,0.023017449416758533,-2.100257459222599,-2.1093761525484926,1.0588614577749023,1.0582969350434368,True,True,False,False,9.207017582753841e-10,0.08,0.65,0.6,0.8,4.5,-1.0
ejection,0.051328354764417085,-0.4978475,3.0784692794006348,3.576316779400635,0.25804877231856194,0.20972221583646056,-0.04832655648210138,1.0053279367677852,-0.1625808005780864,0.06561249880929702,1.860522710434999,-2.092627665491733,-2.574834515486366,1.1343732362744792,1.107098920028883,True,False,False,False,1.0501538747777317e-09,0.08,0.65,0.9,0.0,0.0,9.492939331586102
ejection,0.057300234491161596,-0.43234152269370074,1.2792183667318933,1.711559889425594,0.2589322195649505,0.23394502683116744,-0.024987192733783053,1.1576496212569136,-0.39125454497550843,0.13624899235105928,2.964672980019744,-2.0854878582020056,-2.308234576791005,1.132753558959287,1.1157348004818228,True,False,False,False,1.0725529319347835e-09,0.08,0.65,0.9,0.0,1.5,7.160375728790398
ejection,0.07873249827848552,-0.48858008094568883,1.4484047238280073,1.9369848047736962,0.258173757490623,0.23291024238621597,-0.025263515104407025,1.0243970630796881,-0.3455525874544389,0.06841719704526004,3.100359744655754,-2.091614598046872,-2.318489708600115,1.129510778417775,1.118265974743156,True,False,False,False,1.0834482835671446e-09,0.08,0.65,0.9,0.0,3.0,7.3805333198404455
no_encounter,0.5293071610066563,-0.5620423747251315,-0.7317446638557211,-0.1697022891305896,0.25718300727481636,0.26084908384064703,0.003666076565830678,0.8905022512666788,0.6839817558255321,0.12383113707183019,0.0719876149176684,-2.099672158444651,-2.0701625324852073,1.1306577214905866,1.1492718071302694,True,True,False,False,1.0629945051893185e-09,0.08,0.65,0.9,0.0,4.5,-1.0
perturbation,0.050239464653731816,-0.5449566207896488,-0.7151895915490194,-0.1702329707593706,0.25741343452569443,0.26059015724300333,0.0031767227173088997,0.9184217255215091,0.6998144351010112,0.10080791589041146,0.9509837935346865,-2.0977926074254625,-2.072219479481122,1.1331007859976814,1.1181649590157818,True,True,False,False,2.2148601100660857e-09,0.08,0.65,0.9,0.8,0.0,0.22051115660756948
perturbation,0.2280001279913062,-0.4555414134860436,-0.2508117180027826,0.20472969548326098,0.258619333924894,0.25539393489628526,-0.003225399028608744,1.098692643924313,1.9955207993689001,0.10177557406320574,0.5576786845207514,-2.0880109456813547,-2.114380673210946,1.1342434608552727,1.131523334800157,True,True,False,False,5.2339035287761804e-11,0.08,0.65,0.9,0.8,1.5,2.3642213701913035
no_encounter,0.6531019167757329,-0.4447531508633332,-0.563424333852298,-0.11867118298896473,0.2587648299742512,0.2593394489064004,0.0005746189321492179,1.1253433483910202,0.8883180401136284,0.1171720445914585,0.32678878054890703,-2.0868369169555754,-2.082213108252938,1.1309743108587356,1.1202248405549762,True,True,False,False,9.832178009159134e-11,0.08,0.65,0.9,0.8,3.0,-1.0
no_encounter,1.0660459862006664,-0.5326420951493644,-0.4510866655604008,0.08155542958896367,0.25757951454182215,0.2569561198665278,-0.0006233946752943753,0.9396553606219367,1.1095428843550745,0.08611316035569784,0.08614090578486276,-2.096440009837515,-2.101526129365961,1.1293937932258837,1.1181505934954035,True,True,False,False,1.1566316885351171e-10,0.08,0.65,0.9,0.8,4.5,-1.0
perturbation,0.27943522575211766,-0.49688750000000004,-0.5681245318488692,-0.0712370318488692,0.4330087723185617,0.43385062758734555,0.000841855268783831,1.007270257352016,0.8809688227530041,0.07889866919029632,0.18700059564243424,-1.2470878987244294,-1.2446680162777541,1.292611374142066,1.2628622415944064,True,True,False,False,4.467627540979354e-10,0.08,0.85,-0.9,0.0,0.0,0.7267449421119349
ejection,0.10759345743594231,-0.4181140999491195,0.4700466611203746,0.8881607610694942,0.43407115084072645,0.41996702788293705,-0.0141041229577894,1.1970416689150305,-1.0647879059645666,0.16468612235842514,1.9925059266445102,-1.2440356816022127,-1.2858152286910518,1.297817776270841,1.2678711387290846,True,False,False,False,4.736486401316687e-10,0.08,0.85,-0.9,0.0,1.5,4.161000229143448
no_encounter,0.5599501203866428,-0.4857430802291005,-0.5620437780346037,-0.07630069780550319,0.43315907168610135,0.43305127910780206,-0.00010779257829929279,1.0303800926282662,0.890500027862928,0.08236265424547483,0.24760475783506516,-1.2466551788884694,-1.246965488965972,1.3015092692503294,1.3045053662073471,True,True,False,False,7.041585769186955e-10,0.08,0.85,-0.9,0.0,3.0,-1.0
ejection,0.11641912348101914,-0.5740842499132734,2.2992262598684317,2.873310509781705,0.4319676573097414,0.3948731105304255,-0.037094546779315896,0.8718232560388308,-0.21768192575733716,0.14809531208085264,3.350968273401198,-1.2500935911801245,-1.3675279111171392,1.2967996177554348,1.2747675380296706,True,False,False,False,2.747256265124207e-11,0.08,0.85,-0.9,0.0,4.5,8.648356768293915
perturbation,0.4186662344391368,-0.5535379885600937,-0.5933420200984599,-0.0398040315383662,0.43224475474057844,0.43401457347993033,0.0017698187393518916,0.9041836519692887,0.8435269760886753,0.12069625029160082,0.11277336377898903,-1.2492921986389247,-1.2441978518607755,1.2931248617304139,1.271943198650642,True,True,False,False,2.473553914762755e-10,0.08,0.85,-0.9,0.8,0.0,0.43467895593597516
ejection,0.07335949432015082,-0.44601284070031233,4.358243203128852,4.804256043829165,0.43369489409732875,0.36559446256919154,-0.06810043152813722,1.1221650013800812,-0.11483985098414953,0.12285361604553023,2.9960872965352703,-1.2451149583486094,-1.4770464415822515,1.29436893342675,1.252257353488162,True,False,False,False,1.4945426117987116e-10,0.08,0.85,-0.9,0.8,1.5,14.381996340042598
no_encounter,0.5572325617465843,-0.43303954937059097,-0.4311905098162673,0.0018490395543236948,0.4338698585658115,0.4328012839014729,-0.0010685746643386285,1.155783578491758,1.1607398321759583,0.14152904825781323,0.11846587896782218,-1.2446128472372096,-1.2476857626950362,1.3005055279162723,1.2618357763888723,True,True,False,False,1.2178842346140522e-10,0.08,0.85,-0.9,0.8,3.0,-1.0
no_encounter,0.5928602373124892,-0.5387293085802036,-0.438528345365203,0.1002009632150006,0.43244447220284477,0.43201060067839675,-0.00043387152444801513,0.9290380011420666,1.1413173294036156,0.10318980610816486,0.28487720086398266,-1.2487152333090865,-1.2499693274934107,1.3001119341248024,1.2675079618207226,True,True,False,False,1.1716064726432456e-10,0.08,0.85,-0.9,0.8,4.5,-1.0
perturbation,0.028958357174631147,-0.49688750000000004,-0.6495652959287971,-0.15267779592879704,0.4325405931650584,0.43408273769873423,0.0015421445336758488,1.007270257352016,0.7705153017516855,0.07889866919029632,0.8823398668346074,-1.248437738637712,-1.2440024748802045,1.138125322073289,1.1454550706530924,True,True,False,False,1.360360248043009e-09,0.08,0.85,-0.6,0.0,0.0,0.21513041845852
ejection,0.21460488131818184,-0.4181140999491193,0.11939491273278052,0.5375090126818998,0.4336029716872231,0.4251522571499416,-0.008450714537281523,1.1970416689150312,-4.191970901810333,0.1646861223584258,1.2299280118431002,-1.2453789186424806,-1.2701332073830534,1.1417704577426013,1.1426901118694215,True,False,False,False,9.678560824325443e-10,0.08,0.85,-0.6,0.0,1.5,2.4751589227119455
no_encounter,0.7820315924649008,-0.4857430802291005,-0.5801001996863259,-0.09435711945722536,0.432690892532598,0.4336214483371346,0.0009305558045366036,1.0303800926282662,0.862781981924213,0.08236265424547483,0.25629438828012635,-1.2480040817113283,-1.2453258529318816,1.1448178241247193,1.1161145591692583,True,True,False,False,1.0202469768568823e-09,0.08,0.85,-0.6,0.0,3.0,-1.0
perturbation,0.2868527961705933,-0.5740842499132734,-0.17456622046968023,0.3995180294435932,0.43149947815623807,0.4268858166182321,-0.004613661538005964,0.8718232560388308,2.8671068128379966,0.14809531208085264,0.7300575009203746,-1.2514499491572406,-1.2649752673392918,1.141567719590535,1.121494528356559,True,True,False,False,8.8498496939468e-10,0.08,0.85,-0.6,0.0,4.5,2.922172807732062
perturbation,0.16374989022332123,-0.5535379885600937,-0.7160624120941241,-0.1625244235340304,0.4317765755870751,0.4337686659352921,0.0019920903482170127,0.9041836519692887,0.6989614194889632,0.12069625029160082,0.42082631599722503,-1.2506468172011795,-1.2449031993485558,1.1387165971086048,1.1158498000968138,True,True,False,False,2.7894353264157433e-10,0.08,0.85,-0.6,0.8,0.0,1.2239515763656474
perturbation,0.2557400573954653,-0.44601284070031233,-0.0026468932623848612,0.44336594743792745,0.4332267149438254,0.42629479803598813,-0.006931916907837288,1.1221650013800812,189.08960444783764,0.12285361604552841,0.9951491774925727,-1.2464605283402697,-1.266729039359314,1.1392662632108304,1.1442387125332876,True,True,False,False,2.3964980164386475e-10,0.08,0.85,-0.6,0.8,1.5,0.14037709125809675
perturbation,0.29421734432423635,-0.43303954937059097,-0.38754136080501994,0.04549818856557103,0.43340167941230817,0.43259757495570267,-0.0008041044566055033,1.155783578491758,1.2914750543279736,0.14152904825781323,0.1949832945706161,-1.2459573316195705,-1.2482732943089088,1.1438619692430447,1.1317569149643603,True,True,False,False,4.987971839146885e-11,0.08,0.85,-0.6,0.8,3.0,0.753139984758075
no_encounter,0.81812593587589,-0.5387293085802036,-0.4171393621459655,0.12158994643423815,0.43197629304934143,0.4300781317390874,-0.001898161310254054,0.9290380011420666,1.1998388198735004,0.10318980610816647,0.28363221234285785,-1.2500686002653387,-1.2555858113883323,1.1439504821263615,1.146340536080943,True,True,False,False,2.1213122389279024e-10,0.08,0.85,-0.6,0.8,4.5,-1.0
no_encounter,0.776484132599123,-0.49688750000000004,-0.6037155771010094,-0.10682807710100939,0.4325405931650584,0.43430662622071775,0.0017660330556593662,1.007270257352016,0.8290327746773707,0.07889866919029632,0.13408013067828403,-1.248437738637712,-1.243361181704762,1.1447687676502363,1.1147735782474273,True,True,False,False,1.2006188432277619e-09,0.08,0.85,0.6,0.0,0.0,-1.0
no_encounter,1.082623979364161,-0.4181140999491193,-0.48036947475152136,-0.062255374802402064,0.4336029716872231,0.4341215372331129,0.0005185655458898042,1.1970416689150312,1.0419063373227273,0.16468612235842717,0.1479390632933398,-1.2453789186424806,-1.243891292382559,1.1422417611014357,1.1330739928339257,True,True,False,False,9.513355158139361e-10,0.08,0.85,0.6,0.0,1.5,-1.0
no_encounter,0.8198387080558383,-0.4857430802291005,-0.3787666105920934,0.10697646963700713,0.432690892532598,0.4303638489228705,-0.0023270436097275193,1.0303800926282662,1.3213941936899116,0.08236265424547483,0.30153592799509515,-1.2480040817113283,-1.2547522319812194,1.1382381723686845,1.1317705307617107,True,True,False,False,1.1420959292913377e-09,0.08,0.85,0.6,0.0,3.0,-1.0
no_encounter,0.9873822090038128,-0.5740842499132732,-0.5889460112733447,-0.014861761360071446,0.43149947815623807,0.4324649919198783,0.0009655137636402356,0.8718232560388312,0.8498232272901927,0.14809531208085377,0.1115079519351769,-1.2514499491572406,-1.248655983927699,1.14017125557446,1.168716113752652,True,True,False,False,9.8288010095576e-10,0.08,0.85,0.6,0.0,4.5,-1.0
no_encounter,0.6172333694928802,-0.5535379885600937,-0.6911608506652842,-0.13762286210519048,0.4317765755870751,0.4352391876884144,0.003462612101339302,0.9041836519692887,0.7241440245324057,0.12069625029160082,0.1675590191509722,-1.2506468172011795,-1.2406971046609512,1.1433355460943095,1.1217524592737096,True,True,False,False,8.275025376394653e-11,0.08,0.85,0.6,0.8,0.0,-1.0
no_encounter,1.096168254017852,-0.44601284070031233,-0.4911585796064307,-0.04514573890611839,0.4332267149438254,0.4331222075894705,-0.00010450735435491021,1.1221650013800812,1.019019153449492,0.12285361604552841,0.08586008606680841,-1.2464605283402697,-1.2467612847776957,1.14435696316269,1.1659691302424793,True,True,False,False,1.0146341494009958e-11,0.08,0.85,0.6,0.8,1.5,-1.0
perturbation,0.1687719329047108,-0.43303954937059097,-0.10588893242758446,0.3271506169430065,0.43340167941230817,0.42691809561963706,-0.00648358379267111,1.155783578491758,4.726650732287654,0.14152904825781323,0.7891544633227596,-1.2459573316195705,-1.264879623376549,1.139943100852984,1.153084723715887,True,True,False,False,1.1306989476619214e-10,0.08,0.85,0.6,0.8,3.0,2.8207890697813522
perturbation,0.14296244916772394,-0.5387293085802036,-0.8409365603480912,-0.30220725176788754,0.43197629304934143,0.43694479049448237,0.00496849744514094,0.9290380011420666,0.5951697471600315,0.10318980610816486,0.7703725793508142,-1.2500686002653387,-1.2358540752686213,1.1383248007078857,1.153699763585999,True,True,False,False,5.595300405407628e-10,0.08,0.85,0.6,0.8,4.5,0.2199193736734414
no_encounter,0.9318654933419047,-0.49688750000000004,-0.6524066489379932,-0.15551914893799312,0.4330087723185617,0.43400462811816287,0.000995855799601153,1.007270257352016,0.7671595634635677,0.07889866919029632,0.1797144193581542,-1.2470878987244294,-1.244226363072282,1.3013908760845092,1.2894528843837787,True,True,False,False,6.631487065736471e-10,0.08,0.85,0.9,0.0,0.0,-1.0
no_encounter,1.252636635039837,-0.4181140999491193,-0.5313974821747877,-0.11328338222566836,0.43407115084072645,0.43348499436826127,-0.0005861564724651824,1.1970416689150312,0.9418561750644033,0.16468612235842717,0.20889873630434386,-1.2440356816022127,-1.2457178610922122,1.2984403789940864,1.293687213818691,True,True,False,False,5.292322669049259e-10,0.08,0.85,0.9,0.0,1.5,-1.0
perturbation,0.44684984419833185,-0.4857430802291005,-0.11722354187777209,0.36851953835132845,0.43315907168610135,0.4277376237891529,-0.005421447896948428,1.0303800926282662,4.269620180235355,0.08236265424547483,0.7925556862524201,-1.2466551788884694,-1.2624561646374723,1.2928145370519408,1.3045111083516394,True,True,False,False,4.92723840007706e-10,0.08,0.85,0.9,0.0,3.0,3.078848775595216
no_encounter,1.186770446375531,-0.5740842499132734,-0.6775930061566118,-0.10350875624333833,0.4319676573097414,0.43368320801292826,0.0017155507031868522,0.8718232560388308,0.7386439875448177,0.14809531208085377,0.17671672795362317,-1.2500935911801245,-1.2451485093789991,1.2949534791703692,1.3260917092173494,True,True,False,False,5.268263507212047e-10,0.08,0.85,0.9,0.0,4.5,-1.0
no_encounter,0.758629960257969,-0.5535379885600937,-0.7214792359232942,-0.16794124736320049,0.43224475474057844,0.4362825909789436,0.004037836238365178,0.9041836519692887,0.6937136581061798,0.12069625029160082,0.1851154022654579,-1.2492921986389247,-1.237729882341471,1.2992305706479175,1.3223508518486387,True,True,False,False,1.0094550862183679e-10,0.08,0.85,0.9,0.8,0.0,-1.0
no_encounter,1.2586071033957202,-0.44601284070031233,-0.5528183178486215,-0.10680547714830912,0.43369489409732875,0.43451005162604345,0.0008151575287146939,1.1221650013800812,0.90536073758875,0.12285361604553023,0.15182401242124652,-1.2451149583486094,-1.2427790749125072,1.3010947857588857,1.3312463522346314,True,True,False,False,1.413246936467065e-10,0.08,0.85,0.9,0.8,1.5,-1.0
perturbation,0.3302070443872454,-0.43303954937059097,-0.34170326418423924,0.09133628518635173,0.4338698585658115,0.43155982667201503,-0.0023100318937964714,1.155783578491758,1.464721155634442,0.14152904825781323,0.29558434184111754,-1.2446128472372096,-1.2512749487463286,1.2953282320483095,1.3212608502525818,True,True,False,False,2.8201216924484033e-12,0.08,0.85,0.9,0.8,3.0,1.1826802209137939
no_encounter,0.9095903677948666,-0.5387293085802034,-0.4020369986680419,0.13669230991216152,0.43244447220284477,0.43017859147978377,-0.002265880723060998,0.9290380011420669,1.2449102984505613,0.10318980610816647,0.10467235138109875,-1.2487152333090865,-1.2552925940420196,1.2926759600518636,1.2972063313375948,True,True,False,False,7.402677221037784e-11,0.08,0.85,0.9,0.8,4.5,-1.0
no_encounter,0.6050724584825338,-0.49617587500000004,-0.6829103596186137,-0.18673448461861364,0.14853457659256936,0.14989194954288124,0.0013573729503118803,1.0087149037627028,0.7328926746396338,0.08745427376635061,0.5068993715960997,-3.803828125149581,-3.7693818895748246,1.0518325049956385,1.0478906685398484,True,True,False,False,1.977418170424351e-09,0.13,0.45,-0.9,0.0,0.0,-1.0
perturbation,0.19499523852039016,-0.4088591490025225,-0.7748086077492609,-0.36594945874673834,0.14929280221600089,0.15142678597650838,0.0021339837605074963,1.2241379487802828,0.6459659779127918,0.18318385851260063,0.8703759096114193,-3.784509310653454,-3.7311760687283644,1.0533495558092063,1.051605086128835,True,True,False,False,3.2154502725926064e-09,0.13,0.45,-0.9,0.0,1.5,0.278324340326499
no_encounter,0.8219895255727883,-0.4838227932883057,-0.2596540987182478,0.2241686945700579,0.14864184611023795,0.1462085910324641,-0.002433255077773838,1.0344696590219478,1.9275644115408148,0.09136888531542621,0.547071352491603,-3.8010830380899354,-3.864342006240574,1.0542961242126003,1.0537821112434216,True,True,False,False,1.8286647616355103e-09,0.13,0.45,-0.9,0.0,3.0,-1.0
no_encounter,0.5465163646875036,-0.5817449561329622,-0.7625011126468628,-0.18075615651390065,0.14779152686014596,0.15047562890250382,0.002684102042357861,0.8603426548413544,0.6563924848091292,0.1635384186772854,0.3946641848949928,-3.822952587360812,-3.754760848124282,1.052897999179503,1.0462272821434628,True,True,False,False,3.818468842999885e-09,0.13,0.45,-0.9,0.0,4.5,-1.0
no_encounter,0.6344510124433416,-0.5589703612609703,-0.6317086815953938,-0.07273832033442351,0.1479892928803208,0.1485630819722033,0.0005737890918824928,0.8953963120172093,0.7922955858956638,0.13337655867871195,0.33526033743296807,-3.81784377101468,-3.803098269768754,1.0519125813894319,1.0563245837072477,True,True,False,False,5.421791658865156e-10,0.13,0.45,-0.9,0.8,0.0,-1.0
perturbation,0.3047559641207261,-0.43978363239759133,-0.7507242113321134,-0.3109405789345221,0.1490242656276936,0.15075313691155906,0.0017288712838654519,1.1380596346239582,0.666689567813317,0.13654069615908962,0.7210509320426179,-3.791328865941443,-3.7478490436418794,1.0523689669991942,1.0521345119034349,True,True,False,False,7.342092261141945e-10,0.13,0.45,-0.9,0.8,1.5,0.23255811100696216
no_encounter,0.7506405138968955,-0.42540332986410845,-0.5790195158307943,-0.1536161859666858,0.14914913876888192,0.14981540138951283,0.0006662626206309086,1.1765305178966994,0.8643922809438777,0.1573589904832763,0.4030060812933532,-3.788154626058626,-3.771307854597854,1.0540768963547789,1.061914023540388,True,True,False,False,4.5871305759795755e-10,0.13,0.45,-0.9,0.8,3.0,-1.0
perturbation,0.1339168084543122,-0.5425556140067804,-0.7814408620337365,-0.2388852480269561,0.14813183237465138,0.15053753597129027,0.0024057035966388862,0.9224860771484803,0.6404835276945017,0.11409324268132154,0.6679530127498642,-3.814170060159763,-3.753216739961479,1.0538499700318444,1.049361524643097,True,True,False,False,1.365774921659089e-09,0.13,0.45,-0.9,0.8,4.5,0.1855453110424665
no_encounter,0.7266144470477919,-0.49617587500000004,-0.7340692144858931,-0.23789333948589308,0.14804472247825565,0.15047931067368642,0.00243458819543077,1.0087149037627028,0.6818158153526792,0.08745427376635061,0.5410045953903109,-3.81641432765687,-3.754668980543109,1.0230130570841647,1.0191764449701664,True,True,False,False,4.259547847425134e-09,0.13,0.45,-0.6,0.0,0.0,-1.0
perturbation,0.3387381604305676,-0.4088591490025223,-0.7623743910372516,-0.3535152420347293,0.14880294810168718,0.15195946042646707,0.0031565123247798976,1.2241379487802835,0.6565015901426628,0.18318385851260094,0.7866482422657031,-3.7969677832854294,-3.7180969083093216,1.023956508457933,1.0218532545144163,True,True,False,False,4.765108635214821e-09,0.13,0.45,-0.6,0.0,1.5,0.2603739375508462
no_encounter,0.9783839222184396,-0.4838227932883057,-0.2297208052222387,0.254101988066067,0.14815199199592424,0.14637578530107248,-0.0017762066948517619,1.0344696590219478,2.1787316978790905,0.09136888531542621,0.5854629039300403,-3.8136510511147463,-3.8599280532492575,1.0246838954360853,1.0221789375039971,True,True,False,False,4.2311700832077244e-09,0.13,0.45,-0.6,0.0,3.0,-1.0
no_encounter,0.6287013920305516,-0.5817449561329622,-0.8406284006982747,-0.25888344456531254,0.14730167274583225,0.15103965552368415,0.003737982777851895,0.8603426548413544,0.5953879259661649,0.1635384186772854,0.43355430932912836,-3.835665878519265,-3.7407394636927234,1.023827440342782,1.0198986069447102,True,True,False,False,4.338965921245809e-09,0.13,0.45,-0.6,0.0,4.5,-1.0
no_encounter,0.7532197498578768,-0.5589703612609703,-0.688082262357422,-0.12911190109645165,0.1474994387660071,0.14851966473693762,0.0010202259709305161,0.8953963120172093,0.7273839588383648,0.13337655867871195,0.34912887042457463,-3.8305230496253966,-3.8042100418200144,1.0231316584699162,1.0251909090205213,True,True,False,False,2.6729878951155734e-09,0.13,0.45,-0.6,0.8,0.0,-1.0
perturbation,0.4486729838115829,-0.43978363239759133,-0.7597905898733921,-0.32000695747580077,0.1485344115133799,0.15039055307630878,0.0018561415629288758,1.1380596346239582,0.6587341389466286,0.13654069615908962,0.6936460306773303,-3.803832352674081,-3.756884913597709,1.0233199473989945,1.0336488031281377,True,True,False,False,1.5673202019944143e-09,0.13,0.45,-0.6,0.8,1.5,0.2305263209132011
no_encounter,0.8841277103601393,-0.42540332986410845,-0.6244961056940441,-0.19909277582993568,0.1486592846545682,0.14931244279428502,0.0006531581397168085,1.1765305178966994,0.8014461506429427,0.1573589904832763,0.4391958802679338,-3.800637150332459,-3.784011495802984,1.0244717851034977,1.0215411475710754,True,True,False,False,1.5972535515822595e-09,0.13,0.45,-0.6,0.8,3.0,-1.0
ejection,0.06116857262895911,-0.5425556140067804,0.9376831228315693,1.4802387368383498,0.14764197826033768,0.13475972122499438,-0.012882257035343292,0.9224860771484803,-0.5337624063112224,0.11409324268132154,3.3152339028410456,-3.826824908859818,-4.19264743844845,1.024439131041459,1.0221845759740207,True,False,False,False,1.9241794865548104e-09,0.13,0.45,-0.6,0.8,4.5,6.256420894476445
no_encounter,0.7353688545997793,-0.49617587500000004,-0.9098821982593458,-0.41370632325934575,0.14804472247825565,0.15167935471989458,0.00363463224163893,1.0087149037627028,0.5500712080723018,0.08745427376635061,0.6194316487148597,-3.81641432765687,-3.724963104196892,1.0246657538094524,1.0198092988359286,True,True,False,False,4.116560341415246e-09,0.13,0.45,0.6,0.0,0.0,-1.0
perturbation,0.12158755952276698,-0.4088591490025223,-0.7788597296893405,-0.3700005806868182,0.14880294810168718,0.15087492643508144,0.0020719783333942587,1.2241379487802835,0.6426060828689033,0.18318385851260094,0.8097119623063656,-3.7969677832854294,-3.7448236983439958,1.0240741483366314,1.0213619691746136,True,True,False,False,4.624773536998569e-09,0.13,0.45,0.6,0.0,1.5,0.26918361001299573
no_encounter,0.4783204975429547,-0.4838227932883057,0.3344363745038841,0.8182591677921898,0.14815199199592424,0.14119762812122008,-0.006954363874704161,1.0344696590219478,-1.4965477386915855,0.09136888531542621,1.1456891293315348,-3.8136510511147463,-4.00148364755065,1.023046289669087,1.0232451378194867,True,False,False,False,5.228397977897092e-09,0.13,0.45,0.6,0.0,3.0,-1.0
no_encounter,0.6034227002107753,-0.5817449561329622,-0.9790056857000352,-0.39726072956707303,0.14730167274583225,0.15117198323130188,0.0038703104854696246,0.8603426548413544,0.5112329859883489,0.1635384186772854,0.44616915686439285,-3.835665878519265,-3.7374650244253083,1.0234811905498087,1.020702934664737,True,True,False,False,4.827140734613997e-09,0.13,0.45,0.6,0.0,4.5,-1.0
no_encounter,0.7575032344721778,-0.5589703612609703,-0.5668563104678728,-0.007885949206902443,0.1474994387660071,0.14775512199282628,0.0002556832268191811,0.8953963120172093,0.882939804598623,0.13337655867871195,0.29670701930250276,-3.8305230496253966,-3.823894511267308,1.0242779303822804,1.020063566219281,True,True,False,False,2.5459593273907476e-09,0.13,0.45,0.6,0.8,0.0,-1.0
perturbation,0.23290145712762017,-0.43978363239759133,-0.9780613776290445,-0.5382777452314532,0.1485344115133799,0.15244534430258144,0.003910932789201543,1.1380596346239582,0.5117265761104696,0.13654069615908962,0.9891412039457661,-3.803832352674081,-3.7062463441229045,1.024589112826008,1.0247709308770663,True,True,False,False,8.904232766806914e-09,0.13,0.45,0.6,0.8,1.5,0.3467305222351506
no_encounter,0.8558743203160841,-0.42540332986410845,-0.689831627829307,-0.2644282979651985,0.1486592846545682,0.15002491303492999,0.0013656283803617775,1.1765305178966994,0.7255393632427716,0.157358990483277,0.42226808396024906,-3.800637150332459,-3.766041176564136,1.0234942320424087,1.0209215258686337,True,True,False,False,2.036900552610964e-09,0.13,0.45,0.6,0.8,3.0,-1.0
no_encounter,0.7272981170068163,-0.5425556140067804,-0.5944652310501257,-0.05190961704334529,0.14764197826033768,0.14888972805991096,0.001247749799573289,0.9224860771484803,0.8419331760006624,0.11409324268132154,0.05247855660179989,-3.826824908859818,-3.794754731318016,1.0230421315491816,1.0262350378625371,True,True,False,False,3.2915496959345117e-09,0.13,0.45,0.6,0.8,4.5,-1.0
no_encounter,0.6113625990089446,-0.49617587500000004,-0.7744720898183399,-0.2782962148183399,0.14853457659256936,0.15068113647404954,0.0021465598814801867,1.0087149037627028,0.6462466583106916,0.08745427376635061,0.5649358013474477,-3.803828125149581,-3.7496398900422734,1.0542507781421784,1.0492735865845289,True,True,False,False,2.5157751927328526e-09,0.13,0.45,0.9,0.0,0.0,-1.0
ejection,0.06131466942099239,-0.4088591490025223,5.22139658468321,5.630255733685732,0.14929280221600089,0.10080570894158786,-0.04848709327441303,1.2241379487802835,-0.09585558037636899,0.18318385851260094,11.584230762931838,-3.784509310653454,-5.604841292544163,1.053521652146089,1.0355265476994993,True,False,False,False,3.251721428850951e-09,0.13,0.45,0.9,0.0,1.5,26.5439529259534
ejection,0.0847456981558397,-0.4838227932883057,0.2314241627417404,0.7152469560300461,0.14864184611023795,0.14242126240226688,-0.006220583707971072,1.0344696590219478,-2.162695520080748,0.09136888531542621,1.0004513271754594,-3.8010830380899354,-3.9671042825344807,1.0519000065801742,1.0521707381963559,True,False,False,False,1.899991307839646e-09,0.13,0.45,0.9,0.0,3.0,2.521424317822963
no_encounter,0.5101434972694516,-0.5817449561329622,-0.6931993191276727,-0.11145436299471057,0.14779152686014596,0.1497479158731764,0.0019563890130304407,0.8603426548413544,0.7220145579915355,0.1635384186772854,0.39855147842395433,-3.822952587360812,-3.7730074352320626,1.0523912486821905,1.0474135935868452,True,True,False,False,2.2376391168891114e-09,0.13,0.45,0.9,0.0,4.5,-1.0
no_encounter,0.5948381594329434,-0.5589703612609703,-0.24341191398258216,0.31555844727838817,0.1479892928803208,0.14551778884927608,-0.0024715040310447356,0.8953963120172093,2.056185302564172,0.13337655867871195,0.6976779992553749,-3.81784377101468,-3.8826868142231996,1.0535901016372675,1.0538681377860901,True,True,False,False,5.573035444064842e-10,0.13,0.45,0.9,0.8,0.0,-1.0
perturbation,0.15068947817164632,-0.43978363239759133,-0.9023725525471656,-0.4625889201495743,0.1490242656276936,0.1524638241741601,0.0034395585464664924,1.1380596346239582,0.5546489624348804,0.13654069615908962,0.9717601049282657,-3.791328865941443,-3.7057971165317087,1.054225783865205,1.054743519942892,True,True,False,False,5.6007722602262265e-09,0.13,0.45,0.9,0.8,1.5,0.3206697824099937
no_encounter,0.743017076266493,-0.42540332986410845,-0.5409208275308015,-0.11551749766669306,0.14914913876888192,0.1497829283224251,0.0006337895535431792,1.1765305178966994,0.9252740410915313,0.1573589904832763,0.38846270316197734,-3.788154626058626,-3.7721254773693036,1.052646766466806,1.0480130182944503,True,True,False,False,7.918397578896112e-10,0.13,0.45,0.9,0.8,3.0,-1.0
no_encounter,0.8179792190821707,-0.5425556140067802,-0.7402858795235693,-0.19773026551678907,0.14813183237465138,0.15070094646592988,0.002569114091278496,0.9224860771484806,0.6760901617117296,0.114093242681323,0.16023599317489898,-3.814170060159763,-3.74914699110887,1.0518056040373154,1.0583073956930387,True,True,False,False,1.0508026499539516e-09,0.13,0.45,0.9,0.8,4.5,-1.0
perturbation,0.2930981734779516,-0.494316875,-0.39803910987118807,0.09627776512881192,0.28899357659256936,0.287613082699192,-0.0013804938933773547,1.0125084238728446,1.2574141273754982,0.10661261651418143,0.30452171733781264,-1.95506075485045,-1.9644447140498147,1.144042334196411,1.128505044317397,True,True,False,False,9.963624860557385e-10,0.13,0.65,-0.9,0.0,0.0,1.1381807716939416
ejection,0.050828785494910426,-0.387869661877264,2.174468849672617,2.562338511549881,0.289917924174439,0.2681194396692628,-0.021798484505176186,1.2903819225706192,-0.23017115194607365,0.22513344237861674,4.555597367019206,-1.9488274193769697,-2.107269807429675,1.147215099985429,1.1294538152762392,True,False,False,False,7.753385832792773e-10,0.13,0.65,-0.9,0.0,1.5,11.50979671007762
no_encounter,0.7802451834353541,-0.47925731903674407,-0.4825475119548188,-0.0032901929180747524,0.28912434811518894,0.2888781587398498,-0.0002461893753391564,1.044324165994901,1.037203565660208,0.11161044122899988,0.3381752140419704,-1.9541764769492898,-1.955841876259024,1.1493886200335008,1.131026034859736,True,True,False,False,1.0204701729185987e-09,0.13,0.65,-0.9,0.0,3.0,-1.0
ejection,0.08381711690947709,-0.5986335464283385,0.056623436187287914,0.6552569826156265,0.28808772983383557,0.28280953349354243,-0.00527819634029314,0.8360707531112508,-8.83909620646377,0.1976038310938422,1.0775049102869014,-1.9612081372777763,-1.9978110108968479,1.1465010043222401,1.145200443878486,True,False,False,False,1.2600318261041716e-09,0.13,0.65,-0.9,0.0,4.5,2.079625855072556
perturbation,0.1565668711924216,-0.5708691962831793,-0.9284759325898675,-0.35760673630668816,0.28832882501299517,0.2911344656932266,0.002805640680231425,0.8767332398711651,0.539055437445662,0.16141184614377882,0.7215765030620481,-1.9595682116574193,-1.9406840019942888,1.1443130829283432,1.1658969116604494,True,True,False,False,1.0062229185555318e-09,0.13,0.65,-0.9,0.8,0.0,0.20940915593573306
ejection,0.12007042504510446,-0.4255694844148211,1.9317259503399296,2.3572954347547506,0.2895905530880835,0.26688306027029474,-0.022707492817788777,1.176071166588018,-0.25909472299211284,0.16751406791175227,4.4519614096843405,-1.9510304945208152,-2.1170320792476574,1.1451278068790998,1.1261433385498192,True,False,False,False,1.3805138805950487e-10,0.13,0.65,-0.9,0.8,1.5,10.342227042016022
perturbation,0.4320066986068018,-0.4080385576529163,-0.3979755233900537,0.010063034262862591,0.2897427850656517,0.28852094928185557,-0.0012218357837961435,1.2265997676271876,1.2576150305340827,0.1932200409908298,0.15864781734485706,-1.9500054155687734,-1.9582633476228186,1.148820418397731,1.1293293225266339,True,True,False,False,4.559260021216664e-11,0.13,0.65,-0.9,0.8,3.0,0.5766707425793001
perturbation,0.3680977827073608,-0.5508580921177175,-0.055599948511852015,0.4952581436058655,0.28850259391875843,0.2844512745181929,-0.004051319400565523,0.908582459188135,9.001806897236792,0.13824519532132956,0.934462078117273,-1.9583879379576825,-1.9862804304779578,1.1485128061548293,1.1476464790708967,True,True,False,False,3.7578928843287424e-11,0.13,0.65,-0.9,0.8,4.5,0.12749732990054805
perturbation,0.1444147766491337,-0.494316875,-0.11387125399006645,0.3804456210099335,0.2885037224782556,0.2846121952148271,-0.003891527263428507,1.0125084238728446,4.395314730121976,0.10661261651418143,0.800027524197731,-1.958380277199313,-1.9851573808126328,1.0656934247809686,1.063480829397226,True,True,False,False,2.1201454978561093e-09,0.13,0.65,-0.6,0.0,0.0,3.018987920390582
ejection,0.4307700561376027,-0.3878696618772638,0.31130297097439974,0.6991726328516635,0.2894280700601253,0.2824368930541944,-0.006991177005930882,1.29038192257062,-1.6077585075188987,0.22513344237861624,1.5409238424772302,-1.95212579029611,-2.0004468746637394,1.0677815813457063,1.0668833099353234,True,False,False,False,1.856921248721355e-09,0.13,0.65,-0.6,0.0,1.5,3.282760919157752
no_encounter,0.953126269738478,-0.47925731903674407,-0.49165453555034266,-0.012397216513598597,0.28863449400087526,0.287863982450257,-0.0007705115506182469,1.044324165994901,1.0179912190574139,0.11161044122899988,0.32650462387935647,-1.957492994577033,-1.9627325210705446,1.069490475312707,1.0674964616216724,True,True,False,False,1.5641882621563619e-09,0.13,0.65,-0.6,0.0,3.0,-1.0
ejection,0.043687269877388545,-0.5986335464283385,5.949260405292163,6.547893951720502,0.2875978757195219,0.23330872567526062,-0.05428915004426127,0.8360707531112508,-0.08412810431945125,0.1976038310938422,3.6756037889830657,-1.9645485857169989,-2.421683965589937,1.06761714466925,1.0534547557437324,True,False,False,False,1.5387955645007867e-09,0.13,0.65,-0.6,0.0,4.5,15.202939149955856
perturbation,0.30239647940644354,-0.5708691962831793,-0.9446748111214424,-0.373805614838263,0.2878389708986815,0.2910581174053649,0.0032191465066834235,0.8767332398711651,0.5298119459815451,0.16141184614377882,0.6281226119023102,-1.962903071241449,-1.9411930683696013,1.0660102388523485,1.0631934235948508,True,True,False,False,1.9367422897087535e-10,0.13,0.65,-0.6,0.8,0.0,0.1975392229813073
ejection,0.08364392410628796,-0.4255694844148211,1.606495224969728,2.032064709384549,0.2891006989737698,0.27170158303478015,-0.01739911593898963,1.176071166588018,-0.31154776697791375,0.16751406791175227,4.57585285692778,-1.9543363333454362,-2.079487331980966,1.0663541066998283,1.0584511879279541,True,False,False,False,5.954455157631106e-10,0.13,0.65,-0.6,0.8,1.5,9.663497003559717
perturbation,0.2623016630360936,-0.4080385576529163,-0.33008265217932675,0.07795590547358955,0.28925293095133797,0.2871898451744938,-0.0020630857768441646,1.2265997676271876,1.5162868957078337,0.1932200409908298,0.28468864985132253,-1.953307778565092,-1.9673397562393313,1.0689643426052708,1.0720302786767226,True,True,False,False,5.164676364790503e-10,0.13,0.65,-0.6,0.8,3.0,1.0766635107537397
no_encounter,0.6104680094485919,-0.5508580921177175,-0.10260028800499754,0.44825780411272,0.28801273980444475,0.28454907410271907,-0.0034636657017256822,0.908582459188135,4.878153948024212,0.13824519532132956,0.8555527330084701,-1.9617187780777487,-1.9855977454210278,1.0689802047488806,1.0745469367669842,True,True,False,False,3.3256211240722264e-10,0.13,0.65,-0.6,0.8,4.5,-1.0
perturbation,0.18841861315476785,-0.494316875,-0.10053447536220679,0.3937823996377932,0.2885037224782556,0.28501929078739335,-0.0034844316908622663,1.0125084238728446,4.9783917228074515,0.10661261651418143,0.8465909898489077,-1.958380277199313,-1.9823219629770772,1.0694589146172486,1.072977278834214,True,True,False,False,1.9019162856299298e-09,0.13,0.65,0.6,0.0,0.0,0.14361623800001647
no_encounter,1.1089493552567824,-0.3878696618772638,-0.4089333285156501,-0.021063666638386325,0.2894280700601253,0.2884529627411006,-0.0009751073190246706,1.29038192257062,1.2239158931279075,0.22513344237861724,0.1378754913060987,-1.95212579029611,-1.9587248979207492,1.0680489976519498,1.055114757736813,True,True,False,False,2.6109610041956633e-09,0.13,0.65,0.6,0.0,1.5,-1.0
no_encounter,0.9153912441575487,-0.47925731903674407,-0.09189730586025883,0.3873600131764852,0.28863449400087526,0.284850685010685,-0.0037838089901902627,1.044324165994901,5.446296769146549,0.11161044122899988,0.8437600632643961,-1.957492994577033,-1.98349531783224,1.0657605834043784,1.0618920301208112,True,True,False,False,1.5129505320832681e-09,0.13,0.65,0.6,0.0,3.0,-1.0
ejection,0.08207438940974399,-0.5986335464283385,0.8602205637622156,1.458854110190554,0.2875978757195219,0.27471133467596215,-0.01288654104355974,0.8360707531112508,-0.5818275231773574,0.1976038310938422,1.7916947089477404,-1.9645485857169989,-2.0567043608391695,1.0668264596800712,1.063416565854012,True,False,False,False,1.9374162998005446e-09,0.13,0.65,0.6,0.0,4.5,4.24830025822533
perturbation,0.3208505371396981,-0.5708691962831793,-1.198625381960183,-0.6277561856770038,0.2878389708986815,0.2939823275338127,0.006143356635131214,0.8767332398711651,0.41756165648812027,0.16141184614377882,0.8825144023108813,-1.962903071241449,-1.9218842327691137,1.0686262419650787,1.0525379373079424,True,True,False,False,1.537706388198481e-10,0.13,0.65,0.6,0.8,0.0,0.3003821963665176
no_encounter,0.9956936274218352,-0.4255694844148211,-0.48284851273676677,-0.057279028321945646,0.2891006989737698,0.289278268819145,0.00017756984537520282,1.176071166588018,1.036556987952982,0.16751406791175227,0.09240955725943076,-1.9543363333454362,-1.953136688443177,1.0692414784481539,1.0582521051955678,True,True,False,False,4.715248543502648e-10,0.13,0.65,0.6,0.8,1.5,-1.0
ejection,0.19564480103556892,-0.4080385576529163,0.03249651492077483,0.4405350725736911,0.28925293095133797,0.2842876243685048,-0.004965306582833173,1.2265997676271876,-15.401651568489681,0.1932200409908298,1.0603684426228923,-1.953307778565092,-1.9874238326590845,1.0667412305662962,1.0658999396037858,True,False,False,False,5.893576772008715e-10,0.13,0.65,0.6,0.8,3.0,2.050136744777239
no_encounter,0.4884782969424416,-0.5508580921177175,-0.4781508002499251,0.0727072918677924,0.28801273980444475,0.286949376750581,-0.0010633630538637306,0.908582459188135,1.046740902113712,0.13824519532132956,0.051350113475916684,-1.9617187780777487,-1.9689884201808288,1.0657933850222014,1.0647118277982004,True,True,False,False,1.8919310938120776e-10,0.13,0.65,0.6,0.8,4.5,-1.0
perturbation,0.3104550542093454,-0.494316875,-0.4016804626153373,0.09263641238466269,0.28899357659256936,0.2879624086223857,-0.0010311679701836551,1.0125084238728446,1.2460152946978045,0.10661261651418143,0.38572819055941987,-1.95506075485045,-1.9620616548630918,1.1493098714621743,1.1328711238810487,True,True,False,False,6.570867402851391e-10,0.13,0.65,0.9,0.0,0.0,1.2771079409459778
no_encounter,1.41233962991959,-0.3878696618772638,-0.47602415568011913,-0.08815449380285534,0.289917924174439,0.28901008037114895,-0.0009078438032900649,1.29038192257062,1.0514172317262156,0.22513344237861724,0.232999904001617,-1.9488274193769697,-1.9549491120670346,1.1475890682358423,1.1299521451238967,True,True,False,False,1.0740246734463573e-09,0.13,0.65,0.9,0.0,1.5,-1.0
ejection,0.3727230801613612,-0.47925731903674407,0.42225993665364087,0.901517255690385,0.28912434811518894,0.281604235417739,-0.007520112697449954,1.044324165994901,-1.1852888625106188,0.11161044122899988,1.1357802419730387,-1.9541764769492898,-2.0063618686766707,1.1441711155539291,1.144936417440062,True,False,False,False,1.0721068842446265e-09,0.13,0.65,0.9,0.0,3.0,3.059606789705111
ejection,0.140703933619933,-0.5986335464283385,0.32504756523611544,0.923681111664454,0.28808772983383557,0.28047075577225905,-0.00761697406157652,0.8360707531112508,-1.53977464693955,0.1976038310938422,1.239552138433682,-1.9612081372777763,-2.0144702731816264,1.1453945749459338,1.1423842172802983,True,False,False,False,5.152489337831739e-10,0.13,0.65,0.9,0.0,4.5,2.723431313036219
perturbation,0.22237611889592188,-0.5708691962831793,-0.7579253295065176,-0.18705613322333825,0.28832882501299517,0.29026527584451745,0.001936450831522274,0.8767332398711651,0.6603552889911645,0.16141184614377882,0.9173646304859465,-1.9595682116574193,-1.9464953165898011,1.1479734362735574,1.145304438527657,True,True,False,False,1.3081067883205236e-11,0.13,0.65,0.9,0.8,0.0,0.20508380134671383
no_encounter,1.137682917917613,-0.4255694844148211,-0.5884474866423348,-0.1628780022275137,0.2895905530880835,0.29047594097816437,0.0008853878900808576,1.176071166588018,0.8505431858598619,0.16751406791175227,0.1996297586768768,-1.9510304945208152,-1.9450836378991956,1.1491661123823897,1.163585170202198,True,True,False,False,2.608499817916496e-10,0.13,0.65,0.9,0.8,1.5,-1.0
perturbation,0.3343963084333952,-0.4080385576529163,-0.3009842700202888,0.10705428763262748,0.2897427850656517,0.288188476779746,-0.0015543082859056923,1.2265997676271876,1.6628775981092372,0.1932200409908298,0.42791369863146883,-1.9500054155687734,-1.9605225244027118,1.1457113177322245,1.154087599705929,True,True,False,False,5.016057043947731e-11,0.13,0.65,0.9,0.8,3.0,1.5397493560724025
no_encounter,1.0504188500197151,-0.5508580921177173,-0.4110730502691158,0.13978504184860152,0.28850259391875843,0.2874909560369064,-0.0010116378818520455,0.9085824591881353,1.2175451532819759,0.13824519532132995,0.14886369543387867,-1.9583879379576825,-1.9652792136093096,1.1440540204816165,1.1318603600383779,True,True,False,False,2.1680057802829234e-10,0.13,0.65,0.9,0.8,4.5,-1.0
perturbation,0.05255323289752591,-0.49178187500000003,-0.5592280870323094,-0.06744621203230938,0.4805285765925692,0.48033414564052046,-0.00019443095204874083,1.0177276256877095,0.8949836598087098,0.1282039390970493,0.9567249441771928,-1.1757885535266561,-1.1762644923911842,1.3209918194532273,1.3312240766391956,True,True,False,False,7.176255702249766e-10,0.13,0.85,-0.9,0.0,0.0,0.2032449334138089
no_encounter,0.9723151772707654,-0.36377509991731904,-0.16764695472942004,0.196128145187899,0.4816401393055748,0.47893335147549,-0.0027067878300848225,1.3758500791113975,2.985440450187719,0.27328589493879,0.5759692650391338,-1.1730749866790853,-1.1797048550896638,1.326386891974582,1.355293001447224,True,True,False,False,3.4686047683395085e-10,0.13,0.85,-0.9,0.0,1.5,-1.0
perturbation,0.3353782730344355,-0.4736721928722881,-0.6866150409920133,-0.2129428481197252,0.48068583426416156,0.48160069332417654,0.0009148590600149831,1.0566379186522041,0.7289382989293148,0.13454542928382482,0.5280408520275187,-1.1754038911192533,-1.1731710685467918,1.3302246543956742,1.3759889080969463,True,True,False,False,5.692233705090897e-10,0.13,0.85,-0.9,0.0,3.0,1.636813379760619
perturbation,0.18556462974223362,-0.6172265936090693,-0.8091549428032202,-0.19192834919415092,0.479439261814822,0.48261880691350084,0.0031795450986788487,0.8108853461310838,0.6185465521177906,0.2351409613521602,0.4103175429436947,-1.1784600156885459,-1.1706961931578108,1.3253482613254284,1.3454052615205214,True,True,False,False,3.8663739791033846e-10,0.13,0.85,-0.9,0.0,4.5,1.0232923517516344
no_encounter,0.5798656976716428,-0.5838389189101525,-0.6233459647274874,-0.039507045817334885,0.4797291878304202,0.48077878161188664,0.0010495937814664624,0.8572569998147423,0.8029249057845543,0.19241302581058173,0.12516274833456345,-1.1777478092488345,-1.1751766542311797,1.3215312517790403,1.281104695031263,True,True,False,False,5.7521153145661406e-11,0.13,0.85,-0.9,0.8,0.0,-1.0
no_encounter,0.6676701425773969,-0.4091105536380075,-0.1386534990526765,0.27045705458533104,0.4812464632685014,0.4777154386164863,-0.0035310246520151023,1.2233856974583364,3.6097177743047992,0.20295901760432292,0.7243860694191296,-1.1740346020678598,-1.182712456679857,1.32281075105074,1.3259177736322942,True,True,False,False,1.3148947470809154e-11,0.13,0.85,-0.9,0.8,1.5,-1.0
ejection,0.20436276675922954,-0.38802895522721015,0.6099175269354226,0.9979464821626327,0.4814295279438584,0.47254319887033663,-0.00888632907352177,1.2898521959706137,-0.8206027502026391,0.2343212720743381,1.1311497401474389,-1.1735881727343633,-1.195657881333793,1.329177180133568,1.3180379899424142,True,False,False,False,3.76484598502508e-11,0.13,0.85,-0.9,0.8,3.0,3.6485571085093285
no_encounter,0.5791026092576783,-0.5597748139428309,-0.3733316866850743,0.18644312725775658,0.479938151471495,0.4782198032168806,-0.0017183482546143658,0.894109537502549,1.3406309130738185,0.16502790718530733,0.47139418633550895,-1.1772350213620328,-1.1814650840458045,1.3287813301228715,1.3147503527503228,True,True,False,False,2.1135838567602015e-10,0.13,0.85,-0.9,0.8,4.5,-1.0
ejection,0.18362973137846664,-0.49178187500000003,1.286656214231371,1.7784380892313711,0.4800387224782555,0.46559721034124113,-0.01444151213701439,1.0177276256877095,-0.38899279734873937,0.1282039390970493,1.3323488482179264,-1.1769883835268997,-1.2134952432079769,1.1524442529702168,1.1491775463228042,True,False,False,False,9.584152184968775e-10,0.13,0.85,-0.6,0.0,0.0,5.072012149211797
no_encounter,1.2277206995949912,-0.3637750999173188,-0.1320784412286986,0.23169665868862022,0.48115028519126113,0.47756241801518406,-0.003587867176077064,1.3758500791113983,3.7894148003561465,0.27328589493879046,0.6396186954345697,-1.1742692821545515,-1.183091421532328,1.1562587439388246,1.154078804561009,True,True,False,False,8.514519321944475e-10,0.13,0.85,-0.6,0.0,1.5,-1.0
no_encounter,0.5945560855020374,-0.4736721928722881,-0.7039677259118593,-0.23029553303957118,0.4801959801498479,0.481155732981755,0.0009597528319071347,1.0566379186522041,0.7109700936242429,0.13454542928382482,0.4972275383125795,-1.1766029357923582,-1.174255986723168,1.1594533920079828,1.148156474863247,True,True,False,False,1.0625739014288546e-09,0.13,0.85,-0.6,0.0,3.0,-1.0
ejection,0.030078402776610405,-0.6172265936090693,1.91022210301863,2.527448696627699,0.4789494077005083,0.45819587861567934,-0.02075352908482897,0.8108853461310838,-0.26201141700176356,0.2351409613521602,3.821508950978834,-1.1796653068486513,-1.2330970800239447,1.1560556210890955,1.1505257527729449,True,False,False,False,1.0720123772564803e-09,0.13,0.85,-0.6,0.0,4.5,8.080442108781439
perturbation,0.32910352068694837,-0.5838389189101525,-0.6968233079925921,-0.11298438908243957,0.4792393337161065,0.4815519918057591,0.002312658089652586,0.8572569998147423,0.718259556273799,0.19241302581058173,0.21560110263302915,-1.1789516432611866,-1.1732897166125746,1.1530671254263236,1.178824767291538,True,True,False,False,2.0842419103237162e-10,0.13,0.85,-0.6,0.8,0.0,0.6185136894912904
no_encounter,0.9224250117977212,-0.4091105536380075,-0.10931234571766635,0.2997982079203412,0.4807566091541877,0.47786862945289704,-0.002887979701290677,1.2233856974583364,4.578622814413838,0.20295901760432292,0.7690933909062431,-1.1752308532877471,-1.182333313335211,1.1536370925904142,1.1366613801570236,True,True,False,False,1.9274620487298828e-10,0.13,0.85,-0.6,0.8,1.5,-1.0
no_encounter,0.4588820172679603,-0.38802895522721015,0.10591038967918845,0.49393934490639857,0.4809396738295447,0.475672709654859,-0.0052669641746856954,1.2898521959706137,-4.725693121478042,0.2343212720743381,1.210110092344103,-1.1747835139095804,-1.1877914972459855,1.1584495690566594,1.1572423040904387,True,False,False,False,2.21700899659638e-11,0.13,0.85,-0.6,0.8,3.0,-1.0
no_encounter,0.821935168616741,-0.5597748139428309,-0.34102809491178204,0.21874671903104886,0.4794482973571813,0.47741526480294944,-0.002033032554231873,0.894109537502549,1.4676210185247949,0.16502790718530733,0.47569199710843524,-1.1784378067758243,-1.1834560845749258,1.1585487259873564,1.1633077312410811,True,True,False,False,1.3154579344067413e-10,0.13,0.85,-0.6,0.8,4.5,-1.0
no_encounter,1.0164059192133494,-0.49178187500000003,-0.5821743397663467,-0.09039246476634666,0.4800387224782555,0.48115869639878617,0.001119973920530648,1.0177276256877095,0.8597081077137023,0.1282039390970493,0.15498698542202846,-1.1769883835268997,-1.1742487545766518,1.1594027391645314,1.1811902913786279,True,True,False,False,8.688434253699776e-10,0.13,0.85,0.6,0.0,0.0,-1.0
no_encounter,0.854432936157431,-0.3637750999173188,-0.3099589316487845,0.0538161682685343,0.48115028519126113,0.47964438856030256,-0.0015058966309585697,1.3758500791113983,1.6147300461311376,0.27328589493879046,0.12923842276563982,-1.1742692821545515,-1.1779560304998047,1.156752300670385,1.1741472677750122,True,True,False,False,1.0428533215190732e-09,0.13,0.85,0.6,0.0,1.5,-1.0
no_encounter,0.6892640286224804,-0.4736721928722881,-0.5737096735285814,-0.10003748065629325,0.4801959801498479,0.479880509354745,-0.0003154707951028568,1.0566379186522041,0.8723924714772406,0.13454542928382482,0.3877084222319133,-1.1766029357923582,-1.1773764280606185,1.1525619152028304,1.1665180245840254,True,True,False,False,1.0141718029670377e-09,0.13,0.85,0.6,0.0,3.0,-1.0
no_encounter,0.8084681732504448,-0.6172265936090693,-0.8376513439664656,-0.22042475035739628,0.4789494077005083,0.4807646876106993,0.0018152799101909811,0.8108853461310838,0.5975039658266661,0.2351409613521602,0.254054741049034,-1.1796653068486513,-1.175211105474349,1.1545926552058396,1.1721371578211874,True,True,False,False,1.1660214566153154e-09,0.13,0.85,0.6,0.0,4.5,-1.0
perturbation,0.4089514868496938,-0.5838389189101525,-0.7757586411591926,-0.19191972224904008,0.4792393337161065,0.4822417585429728,0.003002424826866301,0.8572569998147423,0.6451748951866241,0.19241302581058173,0.1165711472234431,-1.1789516432611866,-1.1716115205515794,1.1579057899829421,1.1900481879552902,True,True,False,False,2.020297238405513e-10,0.13,0.85,0.6,0.8,0.0,0.8501036942315171
no_encounter,0.8591032635532014,-0.4091105536380075,-0.3251903523842449,0.08392020125376265,0.4807566091541877,0.47831225168123387,-0.002444357472953851,1.2233856974583364,1.5390985505271362,0.20295901760432292,0.04056670350622789,-1.1752308532877471,-1.1812367298016406,1.1589685274116364,1.1447580142993734,True,True,False,False,1.1331187537569834e-10,0.13,0.85,0.6,0.8,1.5,-1.0
no_encounter,1.3737860167220775,-0.38802895522721015,-0.42867171335428816,-0.040642758127078016,0.4809396738295447,0.4795178682469574,-0.00142180558258731,1.2898521959706137,1.1675601268011524,0.2343212720743381,0.2109519569551085,-1.1747835139095804,-1.1782668330286667,1.154345512793328,1.168189250363094,True,True,False,False,1.2765164377508822e-11,0.13,0.85,0.6,0.8,3.0,-1.0
perturbation,0.20282662782062474,-0.5597748139428309,-0.7923208583976539,-0.23254604445482296,0.4794482973571813,0.48184635042046053,0.0023980530632792263,0.894109537502549,0.6316885321082971,0.16502790718530733,0.7665818217476001,-1.1784378067758243,-1.172572957140755,1.1526556566253325,1.1720335780325308,True,True,False,False,1.4326985982792848e-10,0.13,0.85,0.6,0.8,4.5,0.18999499778177104
no_encounter,1.1818529967175666,-0.49178187500000003,-0.6843846183335779,-0.19260274333357785,0.4805285765925692,0.4812242269383361,0.0006956503457669072,1.0177276256877095,0.7313139228913087,0.1282039390970493,0.26750905629575816,-1.1757885535266561,-1.1740888516662293,1.330103170419348,1.293535480611493,True,True,False,False,4.788262624540369e-10,0.13,0.85,0.9,0.0,0.0,-1.0
no_encounter,1.6538751907153282,-0.3637750999173188,-0.29625556588043256,0.06751953403688626,0.4816401393055748,0.4803799229166705,-0.0012602163889043339,1.3758500791113983,1.68941973634345,0.27328589493879046,0.06924338373060228,-1.1730749866790853,-1.1761524015607292,1.327032906087428,1.3115436453390308,True,True,False,False,3.670057580480541e-10,0.13,0.85,0.9,0.0,1.5,-1.0
no_encounter,0.4881687554430841,-0.4736721928722881,-0.22335784500031375,0.2503143478719744,0.48068583426416156,0.47970762591187327,-0.00097820835228829,1.0566379186522041,2.240798840082366,0.13454542928382482,0.7163468207512262,-1.1754038911192533,-1.177800746706903,1.321201517889603,1.33886154603254,True,True,False,False,6.69985917270219e-10,0.13,0.85,0.9,0.0,3.0,-1.0
no_encounter,0.9237333466818128,-0.6172265936090693,-0.9459270410937604,-0.32870044748469107,0.479439261814822,0.4846605212797858,0.005221259464963823,0.8108853461310838,0.5291105743433233,0.2351409613521602,0.30130092940197023,-1.1784600156885459,-1.165764437565641,1.3234319885649741,1.2894633125179595,True,True,False,False,7.824720533839158e-10,0.13,0.85,0.9,0.0,4.5,-1.0
no_encounter,0.5404498275550749,-0.5838389189101525,-0.7436699172082131,-0.15983099829806058,0.4797291878304202,0.48299551613721764,0.0032663283067974613,0.8572569998147423,0.6730136427716622,0.19241302581058173,0.11201235794769873,-1.1777478092488345,-1.169783116246332,1.3278686034687925,1.33578810219821,True,True,False,False,1.3637117894355495e-11,0.13,0.85,0.9,0.8,0.0,-1.0
no_encounter,1.5224416067970552,-0.4091105536380075,-0.340619029422889,0.0684915242151185,0.4812464632685014,0.48042008730542535,-0.0008263759630760537,1.2233856974583364,1.4693835539605562,0.20295901760432292,0.08242924116358184,-1.1740346020678598,-1.176054072112108,1.3297899783509124,1.3281288021327482,True,True,False,False,2.0313276225979422e-10,0.13,0.85,0.9,0.8,1.5,-1.0
no_encounter,1.5677411069704892,-0.38802895522721015,-0.49345504041087107,-0.10542608518366092,0.4814295279438584,0.4806978921195046,-0.0007316358243538157,1.2898521959706137,1.014276801354107,0.2343212720743381,0.3276239594693317,-1.1735881727343633,-1.1753744072161176,1.3238050131384054,1.3439245707409397,True,True,False,False,1.9083923019420556e-10,0.13,0.85,0.9,0.8,3.0,-1.0
no_encounter,0.9673664797055697,-0.5597748139428307,-0.35440315909118403,0.20537165485164666,0.479938151471495,0.47848359081878516,-0.0014545606527098243,0.8941095375025493,1.41223346113353,0.16502790718530733,0.16069150744445923,-1.1772350213620328,-1.1808137433368764,1.32106351782819,1.360592077328841,True,True,False,False,1.2669695564717256e-10,0.13,0.85,0.9,0.8,4.5,-1.0
perturbation,0.31944290291828625,-0.49094950000000004,-0.8347837423125335,-0.34383424231253346,0.17674080257617977,0.17805746061016486,0.0013166580339850908,1.019453120942174,0.5995564774818272,0.1345399568901366,0.8997352720579161,-3.394801829879576,-3.3696987362614754,1.061471709678626,1.0731325040216069,True,True,False,False,2.239661447853723e-09,0.2,0.45,-0.9,0.0,0.0,0.25817021523727457
ejection,0.28624629698319487,-0.3566160753884958,0.8870761576180375,1.2436922330065334,0.17754599792849649,0.1697092555586783,-0.007836742369818184,1.4034701028403098,-0.5642131125967069,0.2875924710773672,1.3233479447806493,-3.379405939871646,-3.535458322675544,1.0631411103701067,1.0595863606798515,True,False,False,False,1.982670253849243e-09,0.2,0.45,-0.9,0.0,1.5,4.764848337960281
no_encounter,0.9461903407759767,-0.4719447589050859,-0.28423790727194065,0.18770685163314527,0.17685471710821724,0.17552816047177058,-0.001326556636446652,1.0605054734820285,1.760848877631067,0.1413004686998138,0.6070287156419397,-3.3926151917840026,-3.4182549306468424,1.0642044990772654,1.0572244461059928,True,True,False,False,1.987141458983465e-09,0.2,0.45,-0.9,0.0,3.0,-1.0
no_encounter,0.6067649295193988,-0.6225942402045572,-0.6707249326906435,-0.04813069248608626,0.17595172321431427,0.17717733587279558,0.001225612658481312,0.8038943627804163,0.7462075369588864,0.24598456413087405,0.47411368409468885,-3.4100262790219036,-3.386437644771732,1.062670208486331,1.0534108581563613,True,True,False,False,1.8979495406386782e-09,0.2,0.45,-0.9,0.0,4.5,-1.0
no_encounter,0.6145598781696592,-0.5875564019399544,-0.5320335596788807,0.055522842261073735,0.17616174022688932,0.1758144962601878,-0.00034724396670152147,0.8518331148252024,0.9407301304490765,0.20139104215091233,0.4862641059991045,-3.4059609040375274,-3.4126878770682265,1.061571411851401,1.0658022955348985,True,True,False,False,1.8814203101815876e-10,0.2,0.45,-0.9,0.8,0.0,-1.0
ejection,0.13668746087909603,-0.404192203688602,3.324695464202561,3.728887667891163,0.17726082633029408,0.15300122132014693,-0.02425960501014715,1.2382722759927243,-0.15054010371444546,0.21346878232988156,1.2733154928088226,-3.3848426210199793,-3.9215373238396043,1.0620580075404213,1.0518129882423781,True,False,False,False,4.408096220049994e-07,0.2,0.45,-0.9,0.8,1.5,0.5423773441981431
no_encounter,0.5157175494358791,-0.38206866132939754,-0.4815899015427134,-0.09952124021331588,0.17739343497580376,0.17645002945232435,-0.000943405523479407,1.3099739671359691,1.0392659779549163,0.24652063239573888,0.23561164762854317,-3.382312316585105,-3.400396145369395,1.0639508611522797,1.0611761094306633,True,True,False,False,5.726648478405139e-10,0.2,0.45,-0.9,0.8,3.0,-1.0
perturbation,0.05429363532308723,-0.5623029446258159,-0.6321226935878694,-0.06981974896205356,0.17631310960139965,0.17679602741156028,0.0004829178101606324,0.8900895945566448,0.7917766678478328,0.17279972689664067,0.9125090245062494,-3.4030367983211893,-3.3937414136759467,1.063720115527481,1.0649091865810627,True,True,False,False,1.6103565020714022e-10,0.2,0.45,-0.9,0.8,4.5,0.1801944688089504
no_encounter,0.45087140337109266,-0.49094950000000004,-0.8849999255970716,-0.3940504255970716,0.17622060351673158,0.17780968684921172,0.0015890833324801457,1.019453120942174,0.5655367707091432,0.1345399568901366,0.8883649536944211,-3.4048232046999654,-3.3743943349319268,1.0273907202618422,1.0340343401156067,True,True,False,False,4.358888543301581e-09,0.2,0.45,-0.6,0.0,0.0,-1.0
ejection,0.4387484139628014,-0.3566160753884958,0.5349279271108697,0.8915440024993655,0.1770257988690483,0.17105602504044526,-0.005969773828603031,1.4034701028403098,-0.9356400640796341,0.2875924710773672,1.6356792382707113,-3.389336491252551,-3.5076227210244904,1.02843705180555,1.0273041818016955,True,False,False,False,3.358358973703706e-09,0.2,0.45,-0.6,0.0,1.5,4.052305252523931
no_encounter,1.0627657559896957,-0.4719447589050859,-0.26873247450184834,0.20321228440323758,0.17633451804876904,0.17466802766035422,-0.0016664903884148208,1.0605054734820285,1.8624470337192445,0.1413004686998138,0.6055015379136389,-3.40262364192391,-3.435087737789729,1.0292543140566022,1.031729958354977,True,True,False,False,4.220608600325089e-09,0.2,0.45,-0.6,0.0,3.0,-1.0
no_encounter,0.698719488708491,-0.6225942402045572,-0.758221026907511,-0.1356267867029538,0.17543152415486607,0.17658109408419298,0.0011495699293269102,0.8038943627804163,0.6600977580921819,0.24598456413087405,0.45831177040843424,-3.4201378736830486,-3.3978722530392917,1.0283070895347768,1.0232529414536098,True,True,False,False,4.529943109949895e-09,0.2,0.45,-0.6,0.0,4.5,-1.0
no_encounter,0.7188167230734559,-0.5875564019399544,-0.5881422480756209,-0.000585846135666479,0.17564154116744113,0.1755983614044452,-4.3179762995920745e-05,0.8518331148252024,0.8509846072742044,0.20139104215091233,0.46113987704158865,-3.4160483676695423,-3.4168883764128974,1.0275281202121453,1.0270530926590944,True,True,False,False,1.2004330602877351e-09,0.2,0.45,-0.6,0.8,0.0,-1.0
perturbation,0.19717740613156287,-0.404192203688602,-0.10082328667098725,0.3033689170176147,0.17674062727084588,0.17447455754954727,-0.0022660697212986136,1.2382722759927243,4.964130971382259,0.21346878232988156,0.7772972527309303,-3.3948051971125515,-3.4388968135346154,1.0277291262267916,1.0298569409417608,True,True,False,False,1.411199332385375e-09,0.2,0.45,-0.6,0.8,1.5,2.6134402830291172
perturbation,0.28530743128964864,-0.38206866132939754,-0.5856146858141114,-0.20354602448471382,0.17687323591635556,0.17717877208842303,0.00030553617206746653,1.3099739671359691,0.8546575284467355,0.24652063239573888,0.7066912129033195,-3.392259981514352,-3.386410194222157,1.0290129589389558,1.0422304924455996,True,True,False,False,1.5232464718330712e-09,0.2,0.45,-0.6,0.8,3.0,0.19764526091913953
ejection,0.12414226055292471,-0.5623029446258156,0.02443200752556441,0.58673495215138,0.17579291054195145,0.17236311913201943,-0.0034297914099320204,0.8900895945566452,-20.485422635708595,0.1727997268966413,1.0502772574022428,-3.4131069230850195,-3.481023104138869,1.0289863925467955,1.0283706843850926,True,False,False,False,1.3903745598150768e-09,0.2,0.45,-0.6,0.8,4.5,2.0238024463503845
perturbation,0.3733540343712978,-0.49094950000000004,-1.1064773219281343,-0.6155278219281343,0.17622060351673158,0.17970177481204902,0.0034811712953174423,1.019453120942174,0.4523364284844398,0.1345399568901366,0.999996676749071,-3.4048232046999654,-3.3388651872111055,1.029235143822172,1.0301109019411723,True,True,False,False,0.00012253603519448193,0.2,0.45,0.6,0.0,0.0,0.01745122080497621
no_encounter,0.6937457056138332,-0.3566160753884958,-0.3933975289565438,-0.03678145356804796,0.1770257988690483,0.17646883323259788,-0.0005569656364504127,1.4034701028403098,1.2722499842018253,0.28759247107736796,0.22887400854797688,-3.389336491252551,-3.400033813388222,1.0285682550671598,1.0315603717506778,True,True,False,False,3.1108908430632754e-09,0.2,0.45,0.6,0.0,1.5,-1.0
no_encounter,0.8668836809758689,-0.4719447589050859,0.1368219834466991,0.6087667423517851,0.17633451804876904,0.1729004921000995,-0.003434025948669539,1.0605054734820285,-3.658037892682477,0.1413004686998138,1.3993952636835532,-3.40262364192391,-3.4702041197929865,1.0274268979625907,1.029665265057672,True,False,False,False,3.168764000154349e-09,0.2,0.45,0.6,0.0,3.0,-1.0
no_encounter,0.6653005237130745,-0.6225942402045572,-0.3708909043956111,0.2517033358089461,0.17543152415486607,0.1743803144791938,-0.0010512096756722655,0.8038943627804163,1.3494534216620777,0.24598456413087405,0.5490227588113362,-3.4201378736830486,-3.4407553501206065,1.0279204275744305,1.0309849485668088,True,True,False,False,3.2092095421495156e-09,0.2,0.45,0.6,0.0,4.5,-1.0
no_encounter,0.7056604347647032,-0.5875564019399544,0.09276642897077725,0.6803228309107316,0.17564154116744113,0.1722305110023473,-0.003411030165093837,0.8518331148252024,-5.395270741290091,0.20139104215091233,1.0484590460121865,-3.4160483676695423,-3.4837033026733732,1.0288079620015045,1.0287479145275926,True,False,False,False,1.5068055765702656e-09,0.2,0.45,0.6,0.8,0.0,-1.0
no_encounter,0.9157018556631366,-0.404192203688602,-0.4545026348623113,-0.050310431173709314,0.17674062727084588,0.17677924602589792,3.861875505203893e-05,1.2382722759927243,1.1012037370292105,0.21346878232988156,0.10013165904444035,-3.3948051971125515,-3.394063576400257,1.0291449403962012,1.0261151414824619,True,True,False,False,9.194682530655183e-10,0.2,0.45,0.6,0.8,1.5,-1.0
perturbation,0.3222721246493813,-0.3820686613293973,-0.14207137705829737,0.23999728427109995,0.17687323591635556,0.17468250618235662,-0.0021907297339989473,1.30997396713597,3.522877094339879,0.24652063239573932,0.716836809894783,-3.392259981514352,-3.4348030212804535,1.0279225666564527,1.0274693587331687,True,True,False,False,1.7536634902324681e-09,0.2,0.45,0.6,0.8,3.0,2.653895558967733
no_encounter,0.7066812986979778,-0.5623029446258159,-0.5938515863596541,-0.0315486417338382,0.17579291054195145,0.1766956647536321,0.0009027542116806508,0.8900895945566448,0.8428031708529988,0.17279972689664067,0.10800982378536104,-3.4131069230850195,-3.3956690495863824,1.0274267963313468,1.0320464863580991,True,True,False,False,1.434226006690812e-09,0.2,0.45,0.6,0.8,4.5,-1.0
perturbation,0.2766240329984272,-0.49094950000000004,-0.8704810736838177,-0.3795315736838176,0.17674080257617977,0.17884225128845394,0.002101448712274162,1.019453120942174,0.5749694222321428,0.1345399568901366,0.995636897962563,-3.394801829879576,-3.3549119163807797,1.0641564362423397,1.063996761564784,True,True,False,False,2.730182903102719e-09,0.2,0.45,0.9,0.0,0.0,0.283965150212907
no_encounter,1.1928645468580126,-0.3566160753884958,-0.3376025327265933,0.019013542661902527,0.17754599792849649,0.17662765754854573,-0.000918340379950755,1.4034701028403098,1.4825125746474443,0.2875924710773672,0.17734154553862208,-3.379405939871646,-3.3969764890025296,1.0633320454478303,1.0571385785120562,True,True,False,False,2.7706491898991837e-09,0.2,0.45,0.9,0.0,1.5,-1.0
ejection,0.24099747716536682,-0.4719447589050859,0.5887130482445171,1.0606578071496031,0.17685471710821724,0.17088941618309378,-0.005965300925123457,1.0605054734820285,-0.8501595157308649,0.1413004686998138,1.0004674420451622,-3.3926151917840026,-3.5110424823334285,1.0615446132734927,1.0619402434494734,True,False,False,False,1.6718841470640338e-09,0.2,0.45,0.9,0.0,3.0,3.2737211754028483
no_encounter,0.5463550586917914,-0.6225942402045572,0.2227818333428333,0.8453760735473905,0.17595172321431427,0.17201546902308495,-0.00393625419122931,0.8038943627804163,-2.2465925182947624,0.24598456413087405,3.441137002860571,-3.4100262790219036,-3.4880583903734745,1.0621072630416417,1.0664911175522473,True,False,False,False,1.7558461176393657e-09,0.2,0.45,0.9,0.0,4.5,-1.0
ejection,0.2323959363477833,-0.5875564019399544,0.32893826038627133,0.9164946623262258,0.17616174022688932,0.172153157352727,-0.004008582874162336,0.8518331148252024,-1.5215621296600284,0.20139104215091233,8.096869706414084,-3.4059609040375274,-3.4852686365237653,1.0634346390852203,1.070786299011897,True,False,False,False,4.87793277062774e-10,0.2,0.45,0.9,0.8,0.0,9.936050115060606
no_encounter,1.0616069000720227,-0.404192203688602,-0.5792217608287049,-0.17502955714010293,0.17726082633029408,0.17722263672874583,-3.8189601548249685e-05,1.2382722759927243,0.8640904638733253,0.21346878232988156,0.20449842347133856,-3.3848426210199793,-3.3855720187616356,1.064118553318113,1.0541980061942988,True,True,False,False,6.558045625699724e-10,0.2,0.45,0.9,0.8,1.5,-1.0
no_encounter,0.453580830793154,-0.38206866132939754,-0.4307437917678738,-0.048675130438476266,0.17739343497580376,0.17646103579592726,-0.000932399179876503,1.3099739671359691,1.1619436183765535,0.24652063239573888,0.21299195766296883,-3.382312316585105,-3.4001840536280477,1.0623639867407053,1.0700919047229256,True,True,False,False,4.749148311071185e-10,0.2,0.45,0.9,0.8,3.0,-1.0
no_encounter,0.8810898871279141,-0.5623029446258156,-0.816723684321898,-0.25442073969608237,0.17631310960139965,0.17885400818313252,0.00254089858173287,0.8900895945566452,0.6128143576680412,0.17279972689664036,0.21726205657807818,-3.4030367983211893,-3.3546913826255818,1.0614497100819418,1.065721629239003,True,True,False,False,6.714810725087559e-10,0.2,0.45,0.9,0.8,4.5,-1.0
perturbation,0.322090072734255,-0.48654949999999997,-0.6304115819602509,-0.14386208196025096,0.33514080257617984,0.3357741184333464,0.0006333158571665831,1.0286723139166725,0.7939257690090437,0.1640152431940396,0.38646209680903176,-1.7902923051681114,-1.7869155693103378,1.1655697646360603,1.15114970104063,True,True,False,False,8.330694049290132e-10,0.2,0.65,-0.9,0.0,0.0,1.1450484312142082
no_encounter,1.4766872834562876,-0.322784556734252,-0.05361573483997387,0.2691688218942781,0.33612241062772286,0.3332026596025702,-0.0029197510251526837,1.5505698446783525,9.33494619618355,0.35519790543867347,0.8630825011876176,-1.7850639559542445,-1.8007059148797138,1.1689580934232155,1.1710725136839255,True,True,False,False,7.174109631832026e-10,0.2,0.65,-0.9,0.0,1.5,-1.0
no_encounter,0.616256009148697,-0.46338095236422183,-0.6183886220914071,-0.15500766972718527,0.3352796749895812,0.33538042295993026,0.00010074797034903549,1.0801048196875433,0.8093615925650368,0.17287253981248418,0.6053695293054264,-1.7895507683805914,-1.7890131889770002,1.1712976201732814,1.1642460069859175,True,True,False,False,8.883341367484274e-10,0.2,0.65,-0.9,0.0,3.0,-1.0
perturbation,0.20391884987903508,-0.6470366868128284,-1.0573338257744975,-0.4102971389616691,0.3341788414164626,0.336915532141362,0.0027366907248994043,0.7735264633375913,0.47336043527538096,0.29540512854488293,0.7780874718803809,-1.7954458081691174,-1.780861796980775,1.1682185458767695,1.1648377261237277,True,True,False,False,1.1554630760489329e-09,0.2,0.65,-0.9,0.0,4.5,0.1959852826674586
perturbation,0.2542507467332331,-0.6043223019741222,-0.906361419609712,-0.30203911763558977,0.334434871695216,0.33691223811747606,0.002477366422260041,0.8282004459624129,0.5522079704313982,0.24244639997696626,0.6856110059450897,-1.79407128496697,-1.7808792086406469,1.1658692032545142,1.1482484403110598,True,True,False,False,6.403449467972399e-10,0.2,0.65,-0.9,0.8,0.0,0.17284170951022002
no_encounter,0.8997224398384525,-0.3807842837151092,0.09288904967343034,0.47367333338853956,0.3357747599165489,0.33226902042818823,-0.003505739488360693,1.3143924825806579,-5.388148568206971,0.26300776179934243,1.0860373345468821,-1.7869121554851821,-1.805765699212019,1.16672558092714,1.1673233862353227,True,False,False,False,1.0413802751513074e-10,0.2,0.65,-0.9,0.8,1.5,-1.0
no_encounter,0.5967188988667167,-0.35381362715833287,0.35893190593526747,0.7127455330936003,0.3359364221936124,0.3311725168833838,-0.004763905310228633,1.4145865551301233,-1.3944149063479019,0.30409709751961556,1.0899530080952182,-1.786052241915579,-1.8117445422298697,1.1706801870274366,1.1653268156865217,True,False,False,False,6.382065717852157e-11,0.2,0.65,-0.9,0.8,3.0,-1.0
ejection,0.4088055825114987,-0.5735359878734115,0.3528016904539515,0.926337678327363,0.33461940504646914,0.3298775483445581,-0.004741856701911018,0.8726566607542476,-1.418643996166811,0.20843264701645664,1.0031236313911147,-1.793081904250822,-1.818856733387924,1.1703685159867787,1.1637248402961176,True,False,False,False,9.660492041779157e-11,0.2,0.65,-0.9,0.8,4.5,2.5352764207391885
perturbation,0.08138739305830042,-0.48654949999999997,-0.6867565797475368,-0.20020707974753682,0.3346206035167317,0.3354028268520952,0.000782223335363541,1.0286723139166725,0.728788066630526,0.1640152431940396,0.9702863207859415,-1.7930754821855996,-1.7888936883188105,1.075947253126899,1.0758966337571383,True,True,False,False,1.6940051420625843e-09,0.2,0.65,-0.6,0.0,0.0,0.2306441038513885
no_encounter,1.7152513291949114,-0.322784556734252,-0.0013961343951599814,0.32138842233909204,0.33560221156827463,0.3325037483903026,-0.0030984631779720218,1.5505698446783525,358.4898429084603,0.35519790543867347,0.9963708649168035,-1.7878308882298186,-1.8044909355298528,1.0782006005217655,1.078934059193348,True,True,False,False,1.4589148723454752e-09,0.2,0.65,-0.6,0.0,1.5,-1.0
no_encounter,0.8095813474622221,-0.46338095236422183,-0.6744161008831303,-0.21103514851890848,0.334759475930133,0.335201626778514,0.0004421508483810066,1.0801048196875433,0.7421234447763158,0.17287253981248418,0.6250652979696775,-1.792331638508195,-1.789967446656972,1.0800533468576001,1.0742404237120453,True,True,False,False,1.8137623726106552e-09,0.2,0.65,-0.6,0.0,3.0,-1.0
perturbation,0.27322436575018805,-0.6470366868128284,-1.2173030811095855,-0.5702663942967571,0.33365864235701437,0.33703756220870845,0.0033789198516940844,0.7735264633375913,0.41115479601332194,0.29540512854488293,0.7451605798888112,-1.7982450439812097,-1.7802170062826814,1.0780352300142702,1.09238542076055,True,True,False,False,1.5260771421392769e-09,0.2,0.65,-0.6,0.0,4.5,0.22409000776654953
perturbation,0.3646787165195032,-0.6043223019741222,-1.025356409876442,-0.4210341079023199,0.33391467263576785,0.3370695291242842,0.003154856488516322,0.8282004459624129,0.4881229543006528,0.24244639997696626,0.6989178358347069,-1.7968662331124228,-1.780048174508139,1.0762945742932113,1.0633143615533263,True,True,False,False,7.585936720972441e-10,0.2,0.65,-0.6,0.8,0.0,0.2010914981685281
no_encounter,1.1477925313191393,-0.3807842837151092,0.13248755701284867,0.5132718407279578,0.3352545608571007,0.3315641273521518,-0.003690433504948909,1.3143924825806579,-3.77771325311298,0.26300776179934243,1.1280481420196231,-1.7896848247673645,-1.809604690325092,1.076658560676481,1.0773540154906927,True,False,False,False,1.85501581541447e-10,0.2,0.65,-0.6,0.8,1.5,-1.0
no_encounter,0.8543978039775229,-0.35381362715833287,0.2781397150611541,0.631953342219487,0.33541622313416425,0.33099174335332837,-0.004424479780835877,1.4145865551301233,-1.7994553560607334,0.30409709751961556,1.2856191115585855,-1.7888222411949466,-1.8127340395905573,1.0794804068314974,1.0770744936288548,True,False,False,False,3.41278945151962e-10,0.2,0.65,-0.6,0.8,3.0,-1.0
no_encounter,0.6358533186435672,-0.5735359878734113,0.22396652928218835,0.7975025171555996,0.3340992059870209,0.3299745277305405,-0.004124678256480441,0.872656660754248,-2.2347089165693643,0.20843264701645745,1.0399769620045405,-1.7958737681744408,-1.8183221720979754,1.0795063063650183,1.076144175490094,True,False,False,False,2.7213197237883734e-10,0.2,0.65,-0.6,0.8,4.5,-1.0
no_encounter,0.6245819308538014,-0.48654949999999997,-0.7122991333326694,-0.2257496333326694,0.3346206035167317,0.3348440308825571,0.00022342736582542377,1.0286723139166725,0.7026542313175165,0.1640152431940396,0.21030172837637395,-1.7930754821855996,-1.791879038185523,1.0800201799233085,1.0786125555882262,True,True,False,False,1.6836481847117507e-09,0.2,0.65,0.6,0.0,0.0,-1.0
ejection,0.044222432505984656,-0.322784556734252,0.490388543436249,0.8131731001705009,0.33560221156827463,0.32995631860121444,-0.005645892967060195,1.5505698446783525,-1.0206192756725065,0.35519790543867347,1.6094527407168635,-1.7878308882298186,-1.8184225189066938,1.0784897490672123,1.080003156852608,True,False,False,False,1.6540056085934801e-09,0.2,0.65,0.6,0.0,1.5,3.968062024128781
no_encounter,0.8050779577789307,-0.46338095236422183,-0.3834777906331851,0.07990316173103673,0.334759475930133,0.33363621158752643,-0.001123264342606567,1.0801048196875433,1.3051603305985253,0.17287253981248418,0.5331824227225475,-1.792331638508195,-1.7983659421890883,1.0760191245599267,1.0703177216673425,True,True,False,False,1.585523812015883e-09,0.2,0.65,0.6,0.0,3.0,-1.0
perturbation,0.28840642400318767,-0.6470366868128284,-1.382826905061724,-0.7357902182488955,0.33365864235701437,0.33797635754480393,0.004317715187789561,0.7735264633375913,0.3619397324191198,0.29540512854488293,0.8807304333403192,-1.7982450439812097,-1.7752721058911962,1.0771796940981058,1.1012912655547917,True,True,False,False,3.278448697013284e-09,0.2,0.65,0.6,0.0,4.5,0.2817115767385931
perturbation,0.40705947748817906,-0.6043223019741222,-0.9950719898789151,-0.3907496879047929,0.33391467263576785,0.3360589575060766,0.002144284870308766,0.8282004459624129,0.5029786840456669,0.24244639997696626,0.7550439898548736,-1.7968662331124228,-1.785401003599646,1.0791248785132201,1.0995391028279313,True,True,False,False,7.01940109709651e-10,0.2,0.65,0.6,0.8,0.0,0.20362444279052735
perturbation,0.39494485660595463,-0.3807842837151092,-0.4978707836347439,-0.11708649991963471,0.3352545608571007,0.33533088738950917,7.63265324084661e-05,1.3143924825806579,1.0052809211781042,0.26300776179934243,0.6258129925602631,-1.7896848247673645,-1.7892774646287206,1.0797809681907182,1.0849723970903393,True,True,False,False,2.7963542578524914e-10,0.2,0.65,0.6,0.8,1.5,1.5503528884173092
no_encounter,1.0686893881489135,-0.35381362715833264,-0.3305962597668629,0.023217367391469734,0.33541622313416425,0.3337298262892586,-0.0016863968449056244,1.4145865551301242,1.5139312233990592,0.30409709751961644,0.16888861518042061,-1.7888222411949466,-1.7978614817602578,1.0770764690445704,1.0674878736389528,True,True,False,False,4.35389407150232e-10,0.2,0.65,0.6,0.8,3.0,-1.0
perturbation,0.4442963038458603,-0.5735359878734115,-0.5194808717143738,0.054055116159037686,0.3340992059870209,0.33440296172874845,0.0003037557417275294,0.8726566607542476,0.9634618467245313,0.2084326470164564,0.19353737352504333,-1.7958737681744408,-1.7942424818793652,1.0760586526497515,1.0619442342115704,True,True,False,False,2.1250719487184006e-10,0.2,0.65,0.6,0.8,4.5,0.5474800382484911
no_encounter,0.7596384822702947,-0.48654949999999997,-0.8881708300931807,-0.4016213300931807,0.33514080257617984,0.3369524006540453,0.0018115980778654617,1.0286723139166725,0.5635177187112652,0.1640152431940396,0.3513999891920041,-1.7902923051681114,-1.7806669394115107,1.1712151805226068,1.1911769205047154,True,True,False,False,1.1553451055239368e-09,0.2,0.65,0.9,0.0,0.0,-1.0
no_encounter,1.0015345174859507,-0.322784556734252,-0.2597339687913427,0.0630505879429093,0.33612241062772286,0.33518528650408624,-0.0009371241236366123,1.5505698446783525,1.9269716715493486,0.35519790543867347,0.27180390448866476,-1.7850639559542445,-1.7900547075257296,1.1693587473134872,1.1618309702161347,True,True,False,False,9.47972616600792e-10,0.2,0.65,0.9,0.0,1.5,-1.0
no_encounter,0.5780426358368238,-0.46338095236422183,0.1691302930994568,0.6325112454636787,0.3352796749895812,0.3314593270517061,-0.0038203479378751126,1.0801048196875433,-2.9592569777294817,0.17287253981248418,1.0519060655371562,-1.7895507683805914,-1.8101768483540148,1.1657061066233336,1.1675084063132248,True,False,False,False,7.787317374200757e-10,0.2,0.65,0.9,0.0,3.0,-1.0
ejection,0.20451453437960118,-0.6470366868128284,0.1049647088318707,0.7520013956446991,0.3341788414164626,0.33024244982405454,-0.003936391592408051,0.7735264633375913,-4.768269312323685,0.29540512854488293,1.0805089493021718,-1.7954458081691174,-1.8168469871746227,1.1670323316788875,1.1651909568990657,True,False,False,False,2.152089026711111e-10,0.2,0.65,0.9,0.0,4.5,2.048816688575108
ejection,0.2451175229581622,-0.6043223019741222,0.302923095208284,0.9072453971824062,0.334434871695216,0.32967653186957013,-0.004758339825645885,0.8282004459624129,-1.652234537138431,0.24244639997696626,1.1861408762315517,-1.79407128496697,-1.8199657603695547,1.1697931415478915,1.166350460073012,True,False,False,False,1.468885290374002e-10,0.2,0.65,0.9,0.8,0.0,2.572182866036945
no_encounter,1.1560578777708035,-0.3807842837151092,-0.24863717549598166,0.13214710821912753,0.3357747599165489,0.33410961090998526,-0.001665149006563671,1.3143924825806579,2.0129733174518334,0.26300776179934243,0.13383814062603352,-1.7869121554851821,-1.795817840635689,1.1710525937210359,1.1549583280438362,True,True,False,False,9.759343901798903e-12,0.2,0.65,0.9,0.8,1.5,-1.0
no_encounter,1.6570809674453058,-0.35381362715833287,-0.3493177737702784,0.0044958533880544715,0.3359364221936124,0.33503161933258774,-0.0009048028610246783,1.4145865551301233,1.4327928252776037,0.30409709751961556,0.2056010485874488,-1.786052241915579,-1.790875742400829,1.167349003972608,1.1815032414316893,True,True,False,False,9.42319879532521e-12,0.2,0.65,0.9,0.8,3.0,-1.0
no_encounter,1.0218607130153519,-0.5735359878734113,-0.3373657349600928,0.2361702529133185,0.33461940504646914,0.33371724044574264,-0.0009021646007265072,0.872656660754248,1.4835531535507136,0.20843264701645664,0.24870441275500776,-1.793081904250822,-1.7979292864779364,1.1655889687557273,1.1564497710348989,True,True,False,False,3.587041700268175e-11,0.2,0.65,0.9,0.8,4.5,-1.0
ejection,0.21811462308172785,-0.48054949999999996,1.044313679100492,1.524863179100492,0.5511408025761796,0.5431974354694797,-0.00794336710669985,1.0415160144792575,-0.47926213169121756,0.197233364317501,4.904498130383775,-1.0886510256461497,-1.104570752403178,1.3620938047029818,1.349180241809187,True,False,False,False,1.435448588001563e-10,0.2,0.85,-0.9,0.0,0.0,8.279496371283942
no_encounter,1.9711144046919407,-0.2836159998727983,-0.18643675609080348,0.0971792437819948,0.5523212231563627,0.5502923017665559,-0.002028921389806815,1.7647100312551975,2.684556471022446,0.433461787611513,0.4616079132303784,-1.0863243613402476,-1.0903296267708484,1.367734185465529,1.343424205892308,True,True,False,False,2.7649009231575187e-10,0.2,0.85,-0.9,0.0,1.5,-1.0
perturbation,0.3376640280707589,-0.4526884505727512,-0.32484068012260037,0.12784777045015083,0.5513078018734459,0.5494754131227462,-0.0018323887506996872,1.1056168969337665,1.5407553013714377,0.20874472840980296,0.46416686103571636,-1.0883212571291192,-1.0919505871793524,1.3717624499550016,1.3747906181426555,True,True,False,False,4.5584781964351994e-10,0.2,0.85,-0.9,0.0,3.0,1.5603976771047725
no_encounter,0.47925474669489265,-0.6735413747831833,-0.7488813343275128,-0.07533995954432948,0.5499840081219348,0.5515931111908495,0.0016091030689147079,0.743087238198416,0.6683301840463729,0.34908148984120746,0.24706884699501735,-1.0909408112589636,-1.0877583273377789,1.3666693856452887,1.4052711699414142,True,True,False,False,3.33305137659724e-10,0.2,0.85,-0.9,0.0,4.5,-1.0
perturbation,0.43304807355513253,-0.6221757214002346,-0.6410631393506161,-0.018887417950381513,0.5502918941561984,0.5518874739078928,0.0015955797516944425,0.8044351182228745,0.7807343290818378,0.2873163256517799,0.25026561638422995,-1.0903304343961355,-1.0871781447609679,1.3626671777895516,1.3800632962101327,True,True,False,False,2.0603978366662333e-10,0.2,0.85,-0.9,0.8,0.0,0.42793648856930033
no_encounter,1.3817526556428015,-0.35336285175078086,-0.17473200931417876,0.1786308424366021,0.5519031601081431,0.5507916270667296,-0.0011115330414135371,1.4163911048380142,2.8643864507966055,0.3201163257400329,0.6447812600375685,-1.08714724496673,-1.0893411782516236,1.3639924674482071,1.349104779771124,True,True,False,False,6.589264867178321e-11,0.2,0.85,-0.9,0.8,1.5,-1.0
no_encounter,1.3706414224062768,-0.320929623426477,-0.09134569202273654,0.22958393140374048,0.5520975650731239,0.5492300269157415,-0.0028675381573823877,1.5595319455284296,5.479185596135418,0.3706138191125386,0.7189917717526207,-1.0867644379495343,-1.0924384512794438,1.370657924940477,1.3821824180276816,True,True,False,False,5.444236032056279e-11,0.2,0.85,-0.9,0.8,3.0,-1.0
no_encounter,0.5867502242902953,-0.5851540214505089,-0.26377703836410027,0.3213769830864086,0.5505138024476053,0.5486623765034248,-0.0018514259441805292,0.8553303603029775,1.8974358158845617,0.24756311988812743,0.7133729668386658,-1.0898909297684767,-1.0935686966978586,1.3702594596556608,1.3933927592355662,True,True,False,False,1.3458970213936543e-10,0.2,0.85,-0.9,0.8,4.5,-1.0
no_encounter,0.479973995719308,-0.48054949999999996,0.49271382967931554,0.9732633296793155,0.5506206035167314,0.5453127940100843,-0.00530780950664711,1.0415160144792575,-1.0158026218296978,0.197233364317501,1.0001759957122764,-1.089679529185595,-1.1002859397223392,1.1734161844708397,1.1728691592216907,True,False,False,False,9.866026060732284e-10,0.2,0.85,-0.6,0.0,0.0,-1.0
no_encounter,2.1925140919937682,-0.2836159998727983,-0.13478489524318066,0.14883110462961763,0.5518010240969144,0.549185621233145,-0.0026154028637694893,1.7647100312551975,3.7133241013170752,0.433461787611513,0.5274018547295064,-1.087348471275436,-1.0925267829349867,1.177457666542384,1.1718277699105617,True,True,False,False,7.66537936561295e-10,0.2,0.85,-0.6,0.0,1.5,-1.0
ejection,0.09474301029863298,-0.4526884505727512,0.735911312351319,1.18859976292407,0.5507876028139977,0.543202592411167,-0.007585010402830772,1.1056168969337665,-0.680109126738175,0.20874472840980296,2.176008708829261,-1.089349137370874,-1.1045602660633866,1.180849731592436,1.175734248852431,True,False,False,False,7.220989179687055e-10,0.2,0.85,-0.6,0.0,3.0,4.827375734774328
perturbation,0.22877911160721753,-0.6735413747831833,-0.9745550153318642,-0.30101364054868085,0.5494638090624866,0.553109687075712,0.0036458780132253565,0.743087238198416,0.513567722833549,0.34908148984120746,0.31722736812047225,-1.0919736479527922,-1.084775794060301,1.1772541786346886,1.195172077476915,True,True,False,False,9.275201140024978e-10,0.2,0.85,-0.6,0.0,4.5,0.9469618214388805
perturbation,0.36637073038989,-0.6221757214002346,-0.6917760941287827,-0.06960037272854813,0.5497716950967502,0.5510196006233805,0.001247905526630344,0.8044351182228745,0.7234999940700837,0.2873163256517799,0.12810945443618696,-1.091362115131101,-1.0888904846963827,1.1740814881643298,1.2104624611972454,True,True,False,False,3.1928402664354935e-10,0.2,0.85,-0.6,0.8,0.0,0.6798067850739384
no_encounter,1.6158038561173398,-0.35336285175078086,-0.11293746169153235,0.2404253900592485,0.5513829610486949,0.5492786315083283,-0.002104329540366545,1.4163911048380142,4.431656179479423,0.3201163257400329,0.7335449000746932,-1.088172907735195,-1.0923417835359623,1.1746785745855801,1.1596887735626622,True,True,False,False,1.689402231064892e-11,0.2,0.85,-0.6,0.8,1.5,-1.0
no_encounter,1.6251252384332615,-0.320929623426477,-0.02433606511117278,0.29659355831530426,0.5515773660136758,0.5485750231407446,-0.0030023428729312185,1.5595319455284296,20.566184291240184,0.3706138191125386,0.9212291605659472,-1.0877893781905539,-1.0937428331403662,1.1797815949490504,1.1797444941006823,True,True,False,False,9.744528070387844e-12,0.2,0.85,-0.6,0.8,3.0,-1.0
no_encounter,0.8210542615695933,-0.5851540214505087,-0.22130388119310807,0.3638501402574006,0.5499936033881572,0.5487223191483003,-0.0012712842398568958,0.8553303603029777,2.261596124305057,0.24756311988812743,0.7278093294560246,-1.090921778551215,-1.0934492348175129,1.1798951141017955,1.214515488564118,True,True,False,False,3.407224054455137e-11,0.2,0.85,-0.6,0.8,4.5,-1.0
no_encounter,1.1026081657118758,-0.48054949999999996,-0.42372416721184847,0.056825332788151495,0.5506206035167314,0.549881192636529,-0.0007394108802023514,1.0415160144792575,1.1811929522296187,0.197233364317501,0.01692565896940733,-1.089679529185595,-1.0911447927927214,1.1807969509166336,1.2072750575072875,True,True,False,False,7.516829771062713e-10,0.2,0.85,0.6,0.0,0.0,-1.0
ejection,0.16810043359703783,-0.2836159998727983,1.3258468255488596,1.6094628254216579,0.5518010240969144,0.5421239590595266,-0.009677065037387855,1.7647100312551975,-0.3774945871238244,0.433461787611513,4.186383822505302,-1.087348471275436,-1.1067579470954878,1.1779810491318123,1.1724172302907871,True,False,False,False,9.05947171190369e-10,0.2,0.85,0.6,0.0,1.5,9.905241539232224
perturbation,0.10434318681279278,-0.4526884505727512,-0.3511313421246668,0.10155710844808441,0.5507876028139977,0.5506012844275396,-0.0001863183864581064,1.1056168969337665,1.4253925524606141,0.20874472840980296,0.7100532364922281,-1.089349137370874,-1.0897177630521153,1.1735402896407339,1.147932982320986,True,True,False,False,9.226801295744021e-10,0.2,0.85,0.6,0.0,3.0,1.9011442015304234
perturbation,0.40326774649105673,-0.6735413747831833,-1.3526192019322667,-0.6790778271490834,0.5494638090624866,0.5564165473162969,0.0069527382538102644,0.743087238198416,0.3700228410812275,0.34908148984120746,0.2001821066994583,-1.0919736479527922,-1.0783288219840232,1.1757020665455848,1.161946813390078,True,True,False,False,1.2860280131439844e-09,0.2,0.85,0.6,0.0,4.5,0.18900373829090067
ejection,0.168457653624524,-0.6221757214002346,0.22609284473863825,0.8482685661388728,0.5497716950967502,0.5448356201497355,-0.004936074947014646,0.8044351182228745,-2.213692346516204,0.2873163256517799,1.1706184724472557,-1.091362115131101,-1.1012495839297434,1.1792146767612426,1.17606842166318,True,False,False,False,4.535632659501336e-11,0.2,0.85,0.6,0.8,0.0,2.3621698879766453
ejection,0.02961021527857476,-0.35336285175078086,1.1859112110238241,1.5392740627746049,0.5513829610486949,0.5422111758123398,-0.00917178523635509,1.4163911048380142,-0.422038340937773,0.3201163257400329,1.937435407446285,-1.088172907735195,-1.106579920823434,1.1803326726052437,1.1794674626067072,True,False,False,False,1.1779618107888342e-10,0.2,0.85,0.6,0.8,1.5,6.277882701418916
no_encounter,0.9333750930341292,-0.3209296234264768,-0.2567814937980991,0.06414812962837768,0.5515773660136758,0.5507221948331953,-0.0008551711804805073,1.5595319455284307,1.949128002166428,0.3706138191125392,0.408117493651183,-1.0877893781905539,-1.0894785168077894,1.1754293300977303,1.1516922844676096,True,True,False,False,1.5052925974698772e-10,0.2,0.85,0.6,0.8,3.0,-1.0
perturbation,0.2394116322413108,-0.5851540214505089,-0.7957206047432674,-0.21056658329275857,0.5499936033881572,0.5510600235156091,0.0010664201274519503,0.8553303603029775,0.62898961899005,0.2475631198881272,0.8872415769263198,-1.090921778551215,-1.0888106093636905,1.1736436223758966,1.189343583120378,True,True,False,False,2.915912111432776e-10,0.2,0.85,0.6,0.8,4.5,0.18959444922776358
no_encounter,1.4864699044115317,-0.48054949999999996,-0.555246593052865,-0.07469709305286498,0.5511408025761796,0.5509265791537291,-0.00021422342245047687,1.0415160144792575,0.901401298562038,0.197233364317501,0.21973159583492677,-1.0886510256461497,-1.089074338946674,1.3716369791654657,1.4007823849213175,True,True,False,False,3.2713567285214203e-10,0.2,0.85,0.9,0.0,0.0,-1.0
no_encounter,0.979281463653422,-0.2836159998727983,-0.22951567735803924,0.05410032251475905,0.5523212231563627,0.5504809524286899,-0.001840270727672788,1.7647100312551975,2.180678922508772,0.433461787611513,0.5450770498806241,-1.0863243613402476,-1.0899559691444998,1.3684106616076441,1.3819878087785065,True,True,False,False,3.000744343739925e-10,0.2,0.85,0.9,0.0,1.5,-1.0
ejection,0.043936174052381705,-0.4526884505727512,3.8979555835032573,4.350644034076009,0.5513078018734459,0.5237403535000382,-0.027567448373407633,1.1056168969337665,-0.12840064215154023,0.20874472840980296,3.581042570134352,-1.0883212571291192,-1.1456058254635828,1.3623119771200447,1.3531887328041505,True,False,False,False,6.890965538398996e-10,0.2,0.85,0.9,0.0,3.0,13.649628494962487
perturbation,0.43856998685321924,-0.6735413747831833,-0.5181744886077779,0.1553668861754054,0.5499840081219348,0.5491749657778544,-0.0008090423440804129,0.743087238198416,0.9658908553077064,0.34908148984120746,0.5247732260803242,-1.0909408112589636,-1.0925479808609935,1.3646618429478745,1.3717047601910441,True,True,False,False,2.8201088986575347e-10,0.2,0.85,0.9,0.0,4.5,1.1012020675707608
ejection,0.2507674267807506,-0.6221757214002346,0.03454929668676558,0.6567250180870001,0.5502918941561984,0.54708330331827,-0.003208590837928349,0.8044351182228745,-14.48654670275013,0.2873163256517799,1.048252609012066,-1.0903304343961355,-1.0967251172915895,1.3693059746351175,1.3680123950512104,True,False,False,False,2.416867954596424e-11,0.2,0.85,0.9,0.8,0.0,1.909330140593223
no_encounter,1.0697664583742394,-0.35336285175078086,-0.23214891090453457,0.12121394084624629,0.5519031601081431,0.5495986631594665,-0.0023044969486766265,1.4163911048380142,2.155943777853078,0.3201163257400329,0.19130893505909394,-1.08714724496673,-1.091705712220609,1.3713013860911911,1.3788823757306483,True,True,False,False,1.8930050328309948e-10,0.2,0.85,0.9,0.8,1.5,-1.0
no_encounter,1.9058378470766584,-0.320929623426477,-0.21242981527966004,0.10849980814681698,0.5520975650731239,0.5509573053696978,-0.0011402597034261275,1.5595319455284296,2.3560722836438974,0.3706138191125386,0.1925984016592148,-1.0867644379495343,-1.089013602601011,1.365032195063692,1.3760353906295166,True,True,False,False,4.9163225070614046e-11,0.2,0.85,0.9,0.8,3.0,-1.0
no_encounter,1.006934508805488,-0.5851540214505087,-0.3029721243823084,0.28218189706820024,0.5505138024476053,0.5499706437124546,-0.0005431587351506506,0.8553303603029777,1.65196716041255,0.24756311988812743,0.22480076981976815,-1.0898909297684767,-1.0909673213643427,1.3621748862566851,1.3584115866215152,True,True,False,False,1.1137335697334194e-10,0.2,0.85,0.9,0.8,4.5,-1.0
